Address:,USB0::0x0957::0x179B::MY59127609::0::INSTR,,Analog Channels,,,
Model:,DSO-X 2002A,,Time (s),1 (VOLT),2 (VOLT),
Serial Number:,MY59127609,,-0.19575,-0.00332788948435336,-0.00983165891375393,
Firmware Version:,02.65.2021030741,,-0.195145833335,-0.00332788948435336,-0.00875125685706735,
Start Time:,2023-02-14 14:41:53.054,,-0.19454166667,-0.00332788948435336,-0.00983165891375393,
,,,-0.193937500005,-0.00340326636796817,-0.00983165891375393,
,,,-0.19333333334,-0.00332788948435336,-0.00983165891375393,
,,,-0.192729166675,-0.00340326636796817,-0.00983165891375393,
,,,-0.19212500001,-0.00340326636796817,-0.00875125685706735,
,,,-0.191520833345,-0.00347864325158298,-0.00983165891375393,
,,,-0.19091666668,-0.00347864325158298,-0.00875125685706735,
,,,-0.190312500015,-0.00355402013519779,-0.00983165891375393,
,,,-0.18970833335,-0.00355402013519779,-0.00983165891375393,
,,,-0.189104166685,-0.00355402013519779,-0.00983165891375393,
,,,-0.18850000002,-0.0036293970188126,-0.00983165891375393,
,,,-0.187895833355,-0.00355402013519779,-0.00875125685706735,
,,,-0.18729166669,-0.0036293970188126,-0.00875125685706735,
,,,-0.186687500025,-0.0036293970188126,-0.00875125685706735,
,,,-0.18608333336,-0.00370477390242741,-0.00983165891375393,
,,,-0.185479166695,-0.00370477390242741,-0.00983165891375393,
,,,-0.18487500003,-0.00370477390242741,-0.00983165891375393,
,,,-0.184270833365,-0.00378015078604221,-0.00875125685706735,
,,,-0.1836666667,-0.00378015078604221,-0.00983165891375393,
,,,-0.183062500035,-0.00378015078604221,-0.00875125685706735,
,,,-0.18245833337,-0.00385552766965702,-0.00983165891375393,
,,,-0.181854166705,-0.00385552766965702,-0.00875125685706735,
,,,-0.18125000004,-0.00393090455327183,-0.00983165891375393,
,,,-0.180645833375,-0.00393090455327183,-0.00983165891375393,
,,,-0.18004166671,-0.00393090455327183,-0.00983165891375393,
,,,-0.179437500045,-0.00400628143688664,-0.00767085480038077,
,,,-0.17883333338,-0.00400628143688664,-0.00983165891375393,
,,,-0.178229166715,-0.00408165832050145,-0.00983165891375393,
,,,-0.17762500005,-0.00408165832050145,-0.00875125685706735,
,,,-0.177020833385,-0.00408165832050145,-0.00983165891375393,
,,,-0.17641666672,-0.00415703520411626,-0.00983165891375393,
,,,-0.175812500055,-0.00423241208773106,-0.00875125685706735,
,,,-0.17520833339,-0.00423241208773106,-0.00983165891375393,
,,,-0.174604166725,-0.00423241208773106,-0.00875125685706735,
,,,-0.17400000006,-0.00430778897134587,-0.00983165891375393,
,,,-0.173395833395,-0.00430778897134587,-0.00983165891375393,
,,,-0.17279166673,-0.00438316585496068,-0.00983165891375393,
,,,-0.172187500065,-0.00438316585496068,-0.00875125685706735,
,,,-0.1715833334,-0.00445854273857549,-0.00875125685706735,
,,,-0.170979166735,-0.00445854273857549,-0.00875125685706735,
,,,-0.17037500007,-0.0045339196221903,-0.00875125685706735,
,,,-0.169770833405,-0.0045339196221903,-0.00983165891375393,
,,,-0.16916666674,-0.0045339196221903,-0.00875125685706735,
,,,-0.168562500075,-0.00460929650580511,-0.00983165891375393,
,,,-0.16795833341,-0.00468467338941991,-0.00983165891375393,
,,,-0.167354166745,-0.00468467338941991,-0.00983165891375393,
,,,-0.16675000008,-0.00476005027303472,-0.00983165891375393,
,,,-0.166145833415,-0.00483542715664953,-0.0109120609704405,
,,,-0.16554166675,-0.00483542715664953,-0.00983165891375393,
,,,-0.164937500085,-0.00483542715664953,-0.00875125685706735,
,,,-0.16433333342,-0.00491080404026434,-0.00983165891375393,
,,,-0.163729166755,-0.00491080404026434,-0.00983165891375393,
,,,-0.16312500009,-0.00498618092387915,-0.00983165891375393,
,,,-0.162520833425,-0.00498618092387915,-0.00983165891375393,
,,,-0.16191666676,-0.00506155780749395,-0.00983165891375393,
,,,-0.161312500095,-0.00513693469110876,-0.0109120609704405,
,,,-0.16070833343,-0.00513693469110876,-0.0109120609704405,
,,,-0.160104166765,-0.00521231157472357,-0.0109120609704405,
,,,-0.1595000001,-0.00528768845833838,-0.00983165891375393,
,,,-0.158895833435,-0.00528768845833838,-0.00983165891375393,
,,,-0.15829166677,-0.00528768845833838,-0.00875125685706735,
,,,-0.157687500105,-0.00536306534195319,-0.00983165891375393,
,,,-0.15708333344,-0.005438442225568,-0.00983165891375393,
,,,-0.156479166775,-0.005438442225568,-0.00983165891375393,
,,,-0.15587500011,-0.0055138191091828,-0.00875125685706735,
,,,-0.155270833445,-0.00558919599279761,-0.00875125685706735,
,,,-0.15466666678,-0.00558919599279761,-0.00875125685706735,
,,,-0.154062500115,-0.00566457287641242,-0.00875125685706735,
,,,-0.15345833345,-0.00573994976002723,-0.00983165891375393,
,,,-0.152854166785,-0.00581532664364204,-0.00983165891375393,
,,,-0.15225000012,-0.00581532664364204,-0.00875125685706735,
,,,-0.151645833455,-0.00589070352725685,-0.00983165891375393,
,,,-0.15104166679,-0.00589070352725685,-0.00875125685706735,
,,,-0.150437500125,-0.00596608041087165,-0.00983165891375393,
,,,-0.14983333346,-0.00604145729448646,-0.00983165891375393,
,,,-0.149229166795,-0.00611683417810127,-0.00983165891375393,
,,,-0.14862500013,-0.00611683417810127,-0.00983165891375393,
,,,-0.148020833465,-0.00619221106171608,-0.00875125685706735,
,,,-0.1474166668,-0.00626758794533089,-0.00875125685706735,
,,,-0.146812500135,-0.0063429648289457,-0.0109120609704405,
,,,-0.14620833347,-0.0064183417125605,-0.00983165891375393,
,,,-0.145604166805,-0.00649371859617531,-0.00983165891375393,
,,,-0.14500000014,-0.00649371859617531,-0.0109120609704405,
,,,-0.144395833475,-0.00656909547979012,-0.00983165891375393,
,,,-0.14379166681,-0.00664447236340493,-0.00983165891375393,
,,,-0.143187500145,-0.00671984924701974,-0.00983165891375393,
,,,-0.14258333348,-0.00679522613063455,-0.00983165891375393,
,,,-0.141979166815,-0.00679522613063455,-0.0109120609704405,
,,,-0.14137500015,-0.00687060301424935,-0.00983165891375393,
,,,-0.140770833485,-0.00702135678147897,-0.00983165891375393,
,,,-0.14016666682,-0.00709673366509378,-0.0109120609704405,
,,,-0.139562500155,-0.00709673366509378,-0.00983165891375393,
,,,-0.13895833349,-0.00717211054870859,-0.00983165891375393,
,,,-0.138354166825,-0.0072474874323234,-0.00983165891375393,
,,,-0.13775000016,-0.0073228643159382,-0.00875125685706735,
,,,-0.137145833495,-0.00739824119955301,-0.00875125685706735,
,,,-0.13654166683,-0.00747361808316782,-0.00983165891375393,
,,,-0.135937500165,-0.00754899496678263,-0.00875125685706735,
,,,-0.1353333335,-0.00762437185039744,-0.00983165891375393,
,,,-0.134729166835,-0.00769974873401225,-0.00875125685706735,
,,,-0.13412500017,-0.00777512561762705,-0.00983165891375393,
,,,-0.133520833505,-0.00785050250124186,-0.00875125685706735,
,,,-0.13291666684,-0.00800125626847148,-0.00983165891375393,
,,,-0.132312500175,-0.00800125626847148,-0.00875125685706735,
,,,-0.13170833351,-0.00807663315208629,-0.00983165891375393,
,,,-0.131104166845,-0.0081520100357011,-0.00875125685706735,
,,,-0.13050000018,-0.00830276380293071,-0.00983165891375393,
,,,-0.129895833515,-0.00837814068654552,-0.00983165891375393,
,,,-0.12929166685,-0.00845351757016033,-0.00983165891375393,
,,,-0.128687500185,-0.00852889445377514,-0.00983165891375393,
,,,-0.12808333352,-0.00867964822100475,-0.0109120609704405,
,,,-0.127479166855,-0.00875502510461956,-0.00983165891375393,
,,,-0.12687500019,-0.00883040198823437,-0.00875125685706735,
,,,-0.126270833525,-0.00898115575546399,-0.0109120609704405,
,,,-0.12566666686,-0.0090565326390788,-0.00983165891375393,
,,,-0.125062500195,-0.0091319095226936,-0.00983165891375393,
,,,-0.12445833353,-0.00920728640630841,-0.00875125685706735,
,,,-0.123854166865,-0.00935804017353803,-0.00983165891375393,
,,,-0.1232500002,-0.00950879394076765,-0.00983165891375393,
,,,-0.122645833535,-0.00950879394076765,-0.00875125685706735,
,,,-0.12204166687,-0.00965954770799726,-0.00983165891375393,
,,,-0.121437500205,-0.00973492459161207,-0.00983165891375393,
,,,-0.12083333354,-0.00981030147522688,-0.00875125685706735,
,,,-0.120229166875,-0.0099610552424565,-0.00983165891375393,
,,,-0.11962500021,-0.0101118090096861,-0.00983165891375393,
,,,-0.119020833545,-0.0102625627769157,-0.00983165891375393,
,,,-0.11841666688,-0.0103379396605305,-0.00875125685706735,
,,,-0.117812500215,-0.0104133165441453,-0.00983165891375393,
,,,-0.11720833355,-0.010564070311375,-0.00983165891375393,
,,,-0.116604166885,-0.0106394471949898,-0.00983165891375393,
,,,-0.11600000022,-0.0107902009622194,-0.00983165891375393,
,,,-0.115395833555,-0.010940954729449,-0.00983165891375393,
,,,-0.11479166689,-0.0110917084966786,-0.0109120609704405,
,,,-0.114187500225,-0.0111670853802934,-0.00983165891375393,
,,,-0.11358333356,-0.011317839147523,-0.00983165891375393,
,,,-0.112979166895,-0.0113932160311379,-0.00983165891375393,
,,,-0.11237500023,-0.0115439697983675,-0.00983165891375393,
,,,-0.111770833565,-0.0116947235655971,-0.00983165891375393,
,,,-0.1111666669,-0.0118454773328267,-0.00983165891375393,
,,,-0.110562500235,-0.0119962311000563,-0.00983165891375393,
,,,-0.10995833357,-0.0121469848672859,-0.00983165891375393,
,,,-0.109354166905,-0.0122977386345156,-0.00983165891375393,
,,,-0.10875000024,-0.0124484924017452,-0.00983165891375393,
,,,-0.108145833575,-0.01252386928536,-0.00983165891375393,
,,,-0.10754166691,-0.0126746230525896,-0.00983165891375393,
,,,-0.106937500245,-0.012900753703434,-0.00983165891375393,
,,,-0.10633333358,-0.0130515074706636,-0.00983165891375393,
,,,-0.105729166915,-0.0132022612378933,-0.00983165891375393,
,,,-0.10512500025,-0.0133530150051229,-0.00983165891375393,
,,,-0.104520833585,-0.0135037687723525,-0.00875125685706735,
,,,-0.10391666692,-0.0136545225395821,-0.00875125685706735,
,,,-0.103312500255,-0.0138806531904265,-0.00983165891375393,
,,,-0.10270833359,-0.0140314069576561,-0.0109120609704405,
,,,-0.102104166925,-0.0141821607248858,-0.00983165891375393,
,,,-0.10150000026,-0.0143329144921154,-0.0109120609704405,
,,,-0.100895833595,-0.0145590451429598,-0.0109120609704405,
,,,-0.10029166693,-0.0147097989101894,-0.00983165891375393,
,,,-0.099687500265,-0.0149359295610338,-0.00983165891375393,
,,,-0.0990833336,-0.0150866833282635,-0.00983165891375393,
,,,-0.098479166935,-0.0156143215135671,-0.00983165891375393,
,,,-0.09787500027,-0.0157650752807967,-0.00875125685706735,
,,,-0.097270833605,-0.0159158290480264,-0.00875125685706735,
,,,-0.09666666694,-0.0161419596988708,-0.00983165891375393,
,,,-0.096062500275,-0.0163680903497152,-0.00875125685706735,
,,,-0.09545833361,-0.01644346723333,-0.00983165891375393,
,,,-0.094854166945,-0.0167449747677892,-0.00983165891375393,
,,,-0.09425000028,-0.0169711054186337,-0.00983165891375393,
,,,-0.093645833615,-0.0171972360694781,-0.00983165891375393,
,,,-0.09304166695,-0.0174233667203225,-0.00983165891375393,
,,,-0.092437500285,-0.0176494973711669,-0.00983165891375393,
,,,-0.09183333362,-0.0178756280220114,-0.00983165891375393,
,,,-0.091229166955,-0.0181017586728558,-0.00983165891375393,
,,,-0.09062500029,-0.018403266207315,-0.00983165891375393,
,,,-0.090020833625,-0.0187047737417743,-0.00983165891375393,
,,,-0.08941666696,-0.0189309043926187,-0.00983165891375393,
,,,-0.088812500295,-0.0192324119270779,-0.00983165891375393,
,,,-0.08820833363,-0.0194585425779223,-0.00983165891375393,
,,,-0.087604166965,-0.0197600501123816,-0.00875125685706735,
,,,-0.0870000003,-0.019986180763226,-0.0109120609704405,
,,,-0.086395833635,-0.0203630651813,-0.0109120609704405,
,,,-0.08579166697,-0.0206645727157593,-0.00983165891375393,
,,,-0.085187500305,-0.0209660802502185,-0.00983165891375393,
,,,-0.08458333364,-0.0212675877846777,-0.00983165891375393,
,,,-0.083979166975,-0.021569095319137,-0.00983165891375393,
,,,-0.08337500031,-0.0218706028535962,-0.00875125685706735,
,,,-0.082770833645,-0.0222474872716703,-0.0109120609704405,
,,,-0.08216666698,-0.0225489948061295,-0.00983165891375393,
,,,-0.081562500315,-0.0229258792242035,-0.0109120609704405,
,,,-0.08095833365,-0.0233027636422776,-0.0109120609704405,
,,,-0.080354166985,-0.0236796480603516,-0.0109120609704405,
,,,-0.07975000032,-0.0240565324784257,-0.0109120609704405,
,,,-0.079145833655,-0.0243580400128849,-0.00983165891375393,
,,,-0.07854166699,-0.0248103013145737,-0.00983165891375393,
,,,-0.077937500325,-0.0251871857326478,-0.00875125685706735,
,,,-0.07733333366,-0.0256394470343366,-0.00983165891375393,
,,,-0.076729166995,-0.0260163314524107,-0.00875125685706735,
,,,-0.07612500033,-0.0264685927540995,-0.00983165891375393,
,,,-0.075520833665,-0.0268454771721736,-0.00983165891375393,
,,,-0.074916667,-0.0272977384738624,-0.00983165891375393,
,,,-0.074312500335,-0.0279007535427809,-0.00983165891375393,
,,,-0.07370833367,-0.0284283917280845,-0.00983165891375393,
,,,-0.073104167005,-0.0288052761461586,-0.00983165891375393,
,,,-0.07250000034,-0.029408291215077,-0.00983165891375393,
,,,-0.071895833675,-0.0298605525167659,-0.00983165891375393,
,,,-0.07129166701,-0.0303881907020696,-0.00983165891375393,
,,,-0.070687500345,-0.0308404520037584,-0.00875125685706735,
,,,-0.07008333368,-0.0314434670726769,-0.00983165891375393,
,,,-0.069479167015,-0.0319711052579805,-0.0109120609704405,
,,,-0.06887500035,-0.0324987434432842,-0.00875125685706735,
,,,-0.068270833685,-0.0331017585122027,-0.00983165891375393,
,,,-0.06766666702,-0.0337047735811211,-0.00875125685706735,
,,,-0.067062500355,-0.0343077886500396,-0.00875125685706735,
,,,-0.06645833369,-0.0349108037189581,-0.00983165891375393,
,,,-0.065854167025,-0.0355891956714913,-0.0109120609704405,
,,,-0.06525000036,-0.0361922107404098,-0.00983165891375393,
,,,-0.064645833695,-0.0368706026929431,-0.00983165891375393,
,,,-0.06404166703,-0.0375489946454763,-0.00983165891375393,
,,,-0.063437500365,-0.0383027634816244,-0.00983165891375393,
,,,-0.0628333337,-0.0389811554341577,-0.00983165891375393,
,,,-0.062229167035,-0.0397349242703058,-0.00983165891375393,
,,,-0.06162500037,-0.0404133162228391,-0.00983165891375393,
,,,-0.061020833705,-0.0412424619426019,-0.0109120609704405,
,,,-0.06041666704,-0.0419208538951352,-0.00983165891375393,
,,,-0.059812500375,-0.0426746227312833,-0.00983165891375393,
,,,-0.05920833371,-0.0435037684510462,-0.00983165891375393,
,,,-0.058604167045,-0.0443329141708091,-0.00767085480038077,
,,,-0.05800000038,-0.0450866830069572,-0.00983165891375393,
,,,-0.057395833715,-0.0459912056103349,-0.00983165891375393,
,,,-0.05679166705,-0.0468203513300978,-0.00983165891375393,
,,,-0.056187500385,-0.0477248739334755,-0.00983165891375393,
,,,-0.05558333372,-0.0485540196532384,-0.0109120609704405,
,,,-0.054979167055,-0.0494585422566161,-0.00983165891375393,
,,,-0.05437500039,-0.0502876879763789,-0.00983165891375393,
,,,-0.053770833725,-0.0511168336961418,-0.00983165891375393,
,,,-0.05316666706,-0.0520967331831343,-0.0109120609704405,
,,,-0.052562500395,-0.0529258789028972,-0.00983165891375393,
,,,-0.05195833373,-0.0537550246226601,-0.00875125685706735,
,,,-0.051354167065,-0.0546595472260378,-0.00983165891375393,
,,,-0.0507500004,-0.0555640698294155,-0.00983165891375393,
,,,-0.050145833735,-0.0563932155491784,-0.0109120609704405,
,,,-0.04954166707,-0.0572223612689413,-0.00983165891375393,
,,,-0.048937500405,-0.058126883872319,-0.0109120609704405,
,,,-0.04833333374,-0.0589560295920819,-0.00983165891375393,
,,,-0.047729167075,-0.0597851753118448,-0.00875125685706735,
,,,-0.04712500041,-0.0605389441479929,-0.00983165891375393,
,,,-0.046520833745,-0.0613680898677558,-0.0109120609704405,
,,,-0.04591666708,-0.0621218587039039,-0.0109120609704405,
,,,-0.045312500415,-0.0628756275400519,-0.00875125685706735,
,,,-0.04470833375,-0.0635540194925852,-0.00983165891375393,
,,,-0.044104167085,-0.0642324114451185,-0.00983165891375393,
,,,-0.04350000042,-0.064835426514037,-0.00983165891375393,
,,,-0.042895833755,-0.0654384415829554,-0.00983165891375393,
,,,-0.04229166709,-0.0660414566518739,-0.0109120609704405,
,,,-0.041687500425,-0.0664937179535627,-0.0109120609704405,
,,,-0.04108333376,-0.0669459792552516,-0.0109120609704405,
,,,-0.040479167095,-0.0673982405569404,-0.0109120609704405,
,,,-0.03987500043,-0.0677751249750145,-0.0109120609704405,
,,,-0.039270833765,-0.0680766325094737,-0.00983165891375393,
,,,-0.0386666671,-0.0683027631603181,-0.0109120609704405,
,,,-0.038062500435,-0.0685288938111626,-0.0109120609704405,
,,,-0.03745833377,-0.0686796475783922,-0.00983165891375393,
,,,-0.036854167105,-0.0686796475783922,-0.00983165891375393,
,,,-0.03625000044,-0.068755024462007,-0.0109120609704405,
,,,-0.035645833775,-0.0686042706947774,-0.00983165891375393,
,,,-0.03504166711,-0.0684535169275478,-0.00875125685706735,
,,,-0.034437500445,-0.0683027631603181,-0.0109120609704405,
,,,-0.03383333378,-0.0680766325094737,-0.00983165891375393,
,,,-0.033229167115,-0.0677751249750145,-0.00983165891375393,
,,,-0.03262500045,-0.0673228636733256,-0.00983165891375393,
,,,-0.032020833785,-0.066795225488022,-0.00983165891375393,
,,,-0.03141666712,-0.0661922104191035,-0.00983165891375393,
,,,-0.030812500455,-0.0655138184665702,-0.00983165891375393,
,,,-0.03020833379,-0.0647600496304221,-0.00983165891375393,
,,,-0.029604167125,-0.0640062807942741,-0.0109120609704405,
,,,-0.02900000046,-0.0631017581908964,-0.00875125685706735,
,,,-0.028395833795,-0.0621218587039039,-0.0109120609704405,
,,,-0.02779166713,-0.0611419592169113,-0.00983165891375393,
,,,-0.027187500465,-0.0600113059626892,-0.00983165891375393,
,,,-0.0265833338,-0.0588052758248523,-0.0109120609704405,
,,,-0.025979167135,-0.0575992456870154,-0.00983165891375393,
,,,-0.02537500047,-0.0562424617819488,-0.0109120609704405,
,,,-0.024770833805,-0.0548856778768823,-0.0119924630271271,
,,,-0.02416666714,-0.0534535170882009,-0.00983165891375393,
,,,-0.023562500475,-0.0519459794159047,-0.00983165891375393,
,,,-0.02295833381,-0.0503630648599938,-0.0109120609704405,
,,,-0.022354167145,-0.048704773420468,-0.0109120609704405,
,,,-0.02175000048,-0.0470464819809422,-0.0109120609704405,
,,,-0.021145833815,-0.0453128136578016,-0.0109120609704405,
,,,-0.02054166715,-0.0434283915674314,-0.00983165891375393,
,,,-0.019937500485,-0.0415439694770612,-0.0109120609704405,
,,,-0.01933333382,-0.039659547386691,-0.0109120609704405,
,,,-0.018729167155,-0.0377751252963208,-0.00875125685706735,
,,,-0.01812500049,-0.0357399494387209,-0.00875125685706735,
,,,-0.017520833825,-0.0337801504647359,-0.00983165891375393,
,,,-0.01691666716,-0.0317449746071361,-0.00983165891375393,
,,,-0.016312500495,-0.0297097987495363,-0.00983165891375393,
,,,-0.01570833383,-0.0275992460083216,-0.00875125685706735,
,,,-0.015104167165,-0.025488693267107,-0.00983165891375393,
,,,-0.0145000005,-0.0233027636422776,-0.00875125685706735,
,,,-0.013895833835,-0.0210414571338333,-0.00983165891375393,
,,,-0.01329166717,-0.0189309043926187,-0.00983165891375393,
,,,-0.012687500505,-0.0166695978841744,-0.00983165891375393,
,,,-0.01208333384,-0.0144082913757302,-0.00983165891375393,
,,,-0.011479167175,-0.0119962311000563,-0.00983165891375393,
,,,-0.01087500051,-0.00973492459161207,-0.00983165891375393,
,,,-0.010270833845,-0.00747361808316782,-0.00983165891375393,
,,,-0.00966666718,-0.00506155780749395,-0.00983165891375393,
,,,-0.00906250051500002,-0.0027248744154349,-0.00983165891375393,
,,,-0.00845833385,-0.000312814139761031,-0.00983165891375393,
,,,-0.00785416718500001,0.00209924613591284,-0.00983165891375393,
,,,-0.00725000051999999,0.0045113064115867,-0.00875125685706735,
,,,-0.00664583385500001,0.00707412045449018,-0.00983165891375393,
,,,-0.00604166719000002,0.00963693449739367,-0.00983165891375393,
,,,-0.005437500525,0.0121997485402972,-0.00983165891375393,
,,,-0.00483333386000001,0.0148379394668154,-0.00983165891375393,
,,,-0.00422916719499999,0.0175515072769485,-0.00875125685706735,
,,,-0.00362500053000001,0.0202650750870816,-0.00983165891375393,
,,,-0.00302083386500002,0.0230540197808295,-0.00983165891375393,
,,,-0.0024166672,0.0259183413581923,-0.00875125685706735,
,,,-0.00181250053500001,0.0288580398191698,-0.00983165891375393,
,,,-0.00120833386999999,0.0318731151637621,-0.00983165891375393,
,,,-0.000604167205000006,0.0348881905083545,-0.0109120609704405,
,,,-5.40000016924225E-10,0.0379032658529468,-0.00983165891375393,
,,,0.000604166125,0.0409937180811539,-0.00875125685706735,
,,,0.00120833278999999,0.0441595471929759,-0.00875125685706735,
,,,0.00181249945500001,0.0473253763047978,-0.00983165891375393,
,,,0.00241666611999999,0.0504912054166198,-0.00875125685706735,
,,,0.00302083278499998,0.0537324114120565,-0.00767085480038077,
,,,0.00362499945,0.0569736174074933,-0.00983165891375393,
,,,0.00422916611499999,0.0602902002865449,-0.00875125685706735,
,,,0.00483333278,0.0635314062819816,-0.00983165891375393,
,,,0.00543749944499999,0.0668479891610332,-0.00875125685706735,
,,,0.00604166610999998,0.0700891951564699,-0.00983165891375393,
,,,0.006645832775,0.0734057780355215,-0.00875125685706735,
,,,0.00724999943999999,0.0766469840309583,-0.00983165891375393,
,,,0.007854166105,0.079888190026395,-0.00983165891375393,
,,,0.00845833276999999,0.083054019138217,-0.00875125685706735,
,,,0.00906249943499998,0.0861444713664241,-0.00875125685706735,
,,,0.0096666661,0.0890841698274016,-0.00875125685706735,
,,,0.010270832765,0.0919484914047644,-0.00875125685706735,
,,,0.01087499943,0.0947374360985123,-0.00983165891375393,
,,,0.011479166095,0.0973756270250306,-0.00875125685706735,
,,,0.01208333276,0.0997876873007044,-0.00983165891375393,
,,,0.012687499425,0.102124370692763,-0.00983165891375393,
,,,0.01329166609,0.104159546550363,-0.00983165891375393,
,,,0.013895832755,0.106194722407963,-0.0109120609704405,
,,,0.01449999942,0.107853013847489,-0.00983165891375393,
,,,0.015104166085,0.1094359284034,-0.00983165891375393,
,,,0.01570833275,0.110717335424852,-0.00983165891375393,
,,,0.016312499415,0.111697234911844,-0.00875125685706735,
,,,0.01691666608,0.112526380631607,-0.00875125685706735,
,,,0.017520832745,0.113054018816911,-0.00875125685706735,
,,,0.01812499941,0.113280149467755,-0.00875125685706735,
,,,0.018729166075,0.112451003747992,-0.0109120609704405,
,,,0.01933333274,0.111471104261,-0.00983165891375393,
,,,0.019937499405,0.110943466075696,-0.00983165891375393,
,,,0.02054166607,0.110189697239548,-0.00875125685706735,
,,,0.021145832735,0.109209797752555,-0.00875125685706735,
,,,0.0217499994,0.108154521381948,-0.00875125685706735,
,,,0.022354166065,0.106722360593267,-0.00875125685706735,
,,,0.02295833273,0.105290199804585,-0.00983165891375393,
,,,0.023562499395,0.103556531481445,-0.00983165891375393,
,,,0.02416666606,0.101822863158304,-0.00983165891375393,
,,,0.024770832725,0.0998630641843192,-0.00983165891375393,
,,,0.02537499939,0.0978278883267194,-0.00983165891375393,
,,,0.025979166055,0.0957173355855048,-0.00875125685706735,
,,,0.02658333272,0.0934560290770605,-0.00983165891375393,
,,,0.027187499385,0.0911947225686163,-0.00983165891375393,
,,,0.02779166605,0.088933416060172,-0.00875125685706735,
,,,0.028395832715,0.086596732668113,-0.00983165891375393,
,,,0.02899999938,0.0841846723924391,-0.00875125685706735,
,,,0.029604166045,0.08184798900038,-0.00875125685706735,
,,,0.03020833271,0.0794359287247062,-0.00983165891375393,
,,,0.030812499375,0.0770992453326471,-0.00983165891375393,
,,,0.03141666604,0.0747625619405881,-0.00875125685706735,
,,,0.032020832705,0.0725012554321438,-0.00983165891375393,
,,,0.03262499937,0.0701645720400847,-0.00875125685706735,
,,,0.033229166035,0.0679786424152553,-0.00983165891375393,
,,,0.0338333327,0.0657173359068111,-0.0109120609704405,
,,,0.034437499365,0.0636067831655964,-0.00983165891375393,
,,,0.03504166603,0.061420853540767,-0.00983165891375393,
,,,0.035645832695,0.0593856776831672,-0.00983165891375393,
,,,0.03624999936,0.0573505018255673,-0.00875125685706735,
,,,0.036854166025,0.0553907028515823,-0.00983165891375393,
,,,0.03745833269,0.0534309038775973,-0.00983165891375393,
,,,0.038062499355,0.0516218586708419,-0.00983165891375393,
,,,0.03866666602,0.0497374365804717,-0.00875125685706735,
,,,0.039270832685,0.0480037682573311,-0.00983165891375393,
,,,0.03987499935,0.0462700999341905,-0.00983165891375393,
,,,0.040479166015,0.0445364316110499,-0.0109120609704405,
,,,0.04108333268,0.0429535170551389,-0.00875125685706735,
,,,0.041687499345,0.041370602499228,-0.00875125685706735,
,,,0.04229166601,0.0398630648269318,-0.00767085480038077,
,,,0.042895832675,0.0383555271546356,-0.00983165891375393,
,,,0.04349999934,0.0368479894823395,-0.00983165891375393,
,,,0.044104166005,0.0354912055772729,-0.00983165891375393,
,,,0.04470833267,0.0342097985558212,-0.00983165891375393,
,,,0.045312499335,0.0328530146507546,-0.00983165891375393,
,,,0.045916666,0.0315716076293029,-0.00983165891375393,
,,,0.046520832665,0.030365577491466,-0.00875125685706735,
,,,0.04712499933,0.029159547353629,-0.00983165891375393,
,,,0.047729165995,0.0280288940994069,-0.00983165891375393,
,,,0.04833333266,0.0268982408451848,-0.00983165891375393,
,,,0.048937499325,0.0258429644745775,-0.00983165891375393,
,,,0.04954166599,0.0248630649875849,-0.00983165891375393,
,,,0.050145832655,0.0238831655005924,-0.0109120609704405,
,,,0.05074999932,0.0229786428972147,-0.00875125685706735,
,,,0.051354165985,0.022074120293837,-0.00983165891375393,
,,,0.05195833265,0.0211695976904593,-0.00983165891375393,
,,,0.052562499315,0.0203404519706964,-0.00983165891375393,
,,,0.05316666598,0.0195113062509336,-0.00983165891375393,
,,,0.053770832645,0.0186821605311707,-0.00983165891375393,
,,,0.05437499931,0.0180037685786374,-0.00983165891375393,
,,,0.054979165975,0.0172499997424893,-0.00983165891375393,
,,,0.05558333264,0.016571607789956,-0.00983165891375393,
,,,0.056187499305,0.0158932158374228,-0.00983165891375393,
,,,0.05679166597,0.0152902007685043,-0.0109120609704405,
,,,0.057395832635,0.014611808815971,-0.00983165891375393,
,,,0.0579999993,0.0140841706306674,-0.0109120609704405,
,,,0.058604165965,0.0134811555617489,-0.00983165891375393,
,,,0.05920833263,0.0128781404928304,-0.00875125685706735,
,,,0.059812499295,0.0124258791911416,-0.0109120609704405,
,,,0.06041666596,0.0118982410058379,-0.00983165891375393,
,,,0.061020832625,0.0114459797041491,-0.00983165891375393,
,,,0.06162499929,0.0109937184024602,-0.00875125685706735,
,,,0.062229165955,0.0104660802171566,-0.00875125685706735,
,,,0.06283333262,0.0100891957990825,-0.00983165891375393,
,,,0.063437499285,0.00963693449739367,-0.00983165891375393,
,,,0.06404166595,0.00926005007931963,-0.00875125685706735,
,,,0.064645832615,0.00888316566124558,-0.00875125685706735,
,,,0.06524999928,0.00850628124317154,-0.00983165891375393,
,,,0.065854165945,0.0081293968250975,-0.00983165891375393,
,,,0.06645833261,0.00782788929063827,-0.00983165891375393,
,,,0.067062499275,0.00752638175617903,-0.00875125685706735,
,,,0.06766666594,0.0072248742217198,-0.00983165891375393,
,,,0.068270832605,0.00692336668726057,-0.00983165891375393,
,,,0.06887499927,0.00662185915280133,-0.00983165891375393,
,,,0.069479165935,0.0063203516183421,-0.00875125685706735,
,,,0.0700833326,0.00609422096749768,-0.00983165891375393,
,,,0.070687499265,0.00579271343303844,-0.00983165891375393,
,,,0.07129166593,0.00556658278219402,-0.00983165891375393,
,,,0.071895832595,0.00534045213134959,-0.00983165891375393,
,,,0.07249999926,0.00511432148050517,-0.00875125685706735,
,,,0.073104165925,0.00488819082966074,-0.0109120609704405,
,,,0.07370833259,0.00466206017881632,-0.00983165891375393,
,,,0.074312499255,0.00443592952797189,-0.00983165891375393,
,,,0.07491666592,0.00420979887712747,-0.0109120609704405,
,,,0.075520832585,0.00405904510989785,-0.00983165891375393,
,,,0.07612499925,0.00390829134266824,-0.0109120609704405,
,,,0.076729165915,0.00375753757543862,-0.00983165891375393,
,,,0.07733333258,0.003606783808209,-0.00983165891375393,
,,,0.077937499245,0.00338065315736458,-0.0109120609704405,
,,,0.07854166591,0.00322989939013496,-0.00983165891375393,
,,,0.079145832575,0.00307914562290534,-0.00983165891375393,
,,,0.07974999924,0.00292839185567573,-0.00983165891375393,
,,,0.080354165905,0.00285301497206092,-0.00983165891375393,
,,,0.08095833257,0.0027022612048313,-0.00983165891375393,
,,,0.081562499235,0.00255150743760169,-0.00875125685706735,
,,,0.0821666659,0.00247613055398688,-0.00875125685706735,
,,,0.082770832565,0.00232537678675726,-0.00983165891375393,
,,,0.08337499923,0.00224999990314245,-0.00983165891375393,
,,,0.083979165895,0.00209924613591284,-0.00983165891375393,
,,,0.08458333256,0.00202386925229803,-0.00875125685706735,
,,,0.085187499225,0.00194849236868322,-0.00983165891375393,
,,,0.08579166589,0.0017977386014536,-0.00983165891375393,
,,,0.086395832555,0.00172236171783879,-0.00767085480038077,
,,,0.08699999922,0.00157160795060918,-0.00983165891375393,
,,,0.087604165885,0.00157160795060918,-0.00983165891375393,
,,,0.08820833255,0.00149623106699437,-0.00875125685706735,
,,,0.088812499215,0.00134547729976475,-0.00875125685706735,
,,,0.08941666588,0.00127010041614994,-0.00875125685706735,
,,,0.090020832545,0.00119472353253514,-0.0109120609704405,
,,,0.09062499921,0.00119472353253514,-0.00983165891375393,
,,,0.091229165875,0.00104396976530552,-0.00983165891375393,
,,,0.09183333254,0.00104396976530552,-0.0109120609704405,
,,,0.092437499205,0.000968592881690711,-0.00875125685706735,
,,,0.09304166587,0.000893215998075902,-0.0109120609704405,
,,,0.093645832535,0.000893215998075902,-0.0109120609704405,
,,,0.0942499992,0.000742462230846286,-0.00983165891375393,
,,,0.094854165865,0.000667085347231478,-0.00983165891375393,
,,,0.09545833253,0.000667085347231478,-0.0109120609704405,
,,,0.096062499195,0.000591708463616669,-0.00875125685706735,
,,,0.09666666586,0.000516331580001861,-0.00875125685706735,
,,,0.097270832525,0.000516331580001861,-0.00875125685706735,
,,,0.09787499919,0.000440954696387053,-0.00983165891375393,
,,,0.098479165855,0.000365577812772244,-0.00983165891375393,
,,,0.09908333252,0.000365577812772244,-0.00983165891375393,
,,,0.099687499185,0.000290200929157436,-0.00983165891375393,
,,,0.10029166585,0.000290200929157436,-0.00875125685706735,
,,,0.100895832515,0.000290200929157436,-0.00875125685706735,
,,,0.10149999918,0.000290200929157436,-0.00875125685706735,
,,,0.102104165845,0.000214824045542628,-0.00983165891375393,
,,,0.10270833251,0.000214824045542628,-0.00875125685706735,
,,,0.103312499175,0.000139447161927819,-0.00983165891375393,
,,,0.10391666584,6.40702783130109E-05,-0.00983165891375393,
,,,0.104520832505,6.40702783130109E-05,-0.00983165891375393,
,,,0.10512499917,6.40702783130109E-05,-0.00983165891375393,
,,,0.105729165835,-1.13066053017974E-05,-0.00875125685706735,
,,,0.1063333325,-8.66834889166057E-05,-0.00983165891375393,
,,,0.106937499165,-8.66834889166057E-05,-0.0109120609704405,
,,,0.10754166583,-8.66834889166057E-05,-0.00983165891375393,
,,,0.108145832495,-0.000162060372531414,-0.00983165891375393,
,,,0.10874999916,-0.000162060372531414,-0.00875125685706735,
,,,0.109354165825,-0.000162060372531414,-0.00875125685706735,
,,,0.10995833249,-0.000237437256146222,-0.00875125685706735,
,,,0.110562499155,-0.000237437256146222,-0.0109120609704405,
,,,0.11116666582,-0.000312814139761031,-0.00983165891375393,
,,,0.111770832485,-0.000312814139761031,-0.00983165891375393,
,,,0.11237499915,-0.000312814139761031,-0.00983165891375393,
,,,0.112979165815,-0.000312814139761031,-0.0109120609704405,
,,,0.11358333248,-0.000388191023375839,-0.00983165891375393,
,,,0.114187499145,-0.000388191023375839,-0.00983165891375393,
,,,0.11479166581,-0.000388191023375839,-0.00875125685706735,
,,,0.115395832475,-0.000388191023375839,-0.00983165891375393,
,,,0.11599999914,-0.000388191023375839,-0.00875125685706735,
,,,0.116604165805,-0.000463567906990647,-0.00875125685706735,
,,,0.11720833247,-0.000463567906990647,-0.00983165891375393,
,,,0.117812499135,-0.000538944790605456,-0.00875125685706735,
,,,0.1184166658,-0.000463567906990647,-0.00875125685706735,
,,,0.119020832465,-0.000538944790605456,-0.00983165891375393,
,,,0.11962499913,-0.000538944790605456,-0.00983165891375393,
,,,0.120229165795,-0.000538944790605456,-0.0109120609704405,
,,,0.12083333246,-0.000614321674220264,-0.0109120609704405,
,,,0.121437499125,-0.000538944790605456,-0.0109120609704405,
,,,0.12204166579,-0.000538944790605456,-0.00875125685706735,
,,,0.122645832455,-0.000614321674220264,-0.00983165891375393,
,,,0.12324999912,-0.000614321674220264,-0.00983165891375393,
,,,0.123854165785,-0.000614321674220264,-0.00983165891375393,
,,,0.12445833245,-0.000614321674220264,-0.00983165891375393,
,,,0.125062499115,-0.000614321674220264,-0.00983165891375393,
,,,0.12566666578,-0.000614321674220264,-0.00983165891375393,
,,,0.126270832445,-0.000614321674220264,-0.00875125685706735,
,,,0.12687499911,-0.000614321674220264,-0.00983165891375393,
,,,0.127479165775,-0.000689698557835072,-0.00983165891375393,
,,,0.12808333244,-0.000689698557835072,-0.00983165891375393,
,,,0.128687499105,-0.000614321674220264,-0.00875125685706735,
,,,0.12929166577,-0.000689698557835072,-0.00983165891375393,
,,,0.129895832435,-0.000689698557835072,-0.00983165891375393,
,,,0.1304999991,-0.000689698557835072,-0.00983165891375393,
,,,0.131104165765,-0.000689698557835072,-0.00983165891375393,
,,,0.13170833243,-0.000689698557835072,-0.00983165891375393,
,,,0.132312499095,-0.000689698557835072,-0.00983165891375393,
,,,0.13291666576,-0.000689698557835072,-0.00983165891375393,
,,,0.133520832425,-0.000765075441449881,-0.0109120609704405,
,,,0.13412499909,-0.000765075441449881,-0.00983165891375393,
,,,0.134729165755,-0.000765075441449881,-0.00875125685706735,
,,,0.13533333242,-0.000765075441449881,-0.00983165891375393,
,,,0.135937499085,-0.000765075441449881,-0.00983165891375393,
,,,0.13654166575,-0.000765075441449881,-0.00983165891375393,
,,,0.137145832415,-0.000765075441449881,-0.00983165891375393,
,,,0.13774999908,-0.000765075441449881,-0.00983165891375393,
,,,0.138354165745,-0.000840452325064689,-0.00983165891375393,
,,,0.13895833241,-0.000840452325064689,-0.00983165891375393,
,,,0.139562499075,-0.000840452325064689,-0.00983165891375393,
,,,0.14016666574,-0.000840452325064689,-0.0109120609704405,
,,,0.140770832405,-0.000840452325064689,-0.00875125685706735,
,,,0.14137499907,-0.000840452325064689,-0.00875125685706735,
,,,0.141979165735,-0.000840452325064689,-0.00983165891375393,
,,,0.1425833324,-0.000840452325064689,-0.00983165891375393,
,,,0.143187499065,-0.000840452325064689,-0.00875125685706735,
,,,0.14379166573,-0.000840452325064689,-0.0109120609704405,
,,,0.144395832395,-0.000840452325064689,-0.0109120609704405,
,,,0.14499999906,-0.000840452325064689,-0.00983165891375393,
,,,0.145604165725,-0.000840452325064689,-0.00983165891375393,
,,,0.14620833239,-0.000840452325064689,-0.00875125685706735,
,,,0.146812499055,-0.000915829208679497,-0.0109120609704405,
,,,0.14741666572,-0.000915829208679497,-0.00875125685706735,
,,,0.148020832385,-0.000840452325064689,-0.00875125685706735,
,,,0.14862499905,-0.000840452325064689,-0.00875125685706735,
,,,0.149229165715,-0.000915829208679497,-0.00875125685706735,
,,,0.14983333238,-0.000840452325064689,-0.00983165891375393,
,,,0.150437499045,-0.000915829208679497,-0.0109120609704405,
,,,0.15104166571,-0.000915829208679497,-0.00983165891375393,
,,,0.151645832375,-0.000915829208679497,-0.00983165891375393,
,,,0.15224999904,-0.000915829208679497,-0.00983165891375393,
,,,0.152854165705,-0.000915829208679497,-0.00983165891375393,
,,,0.15345833237,-0.000915829208679497,-0.0109120609704405,
,,,0.154062499035,-0.000915829208679497,-0.0109120609704405,
,,,0.1546666657,-0.000915829208679497,-0.0109120609704405,
,,,0.155270832365,-0.000991206092294306,-0.00983165891375393,
,,,0.15587499903,-0.000915829208679497,-0.00983165891375393,
,,,0.156479165695,-0.000915829208679497,-0.00983165891375393,
,,,0.15708333236,-0.000915829208679497,-0.00983165891375393,
,,,0.157687499025,-0.000915829208679497,-0.00983165891375393,
,,,0.15829166569,-0.000915829208679497,-0.00983165891375393,
,,,0.158895832355,-0.000915829208679497,-0.0109120609704405,
,,,0.15949999902,-0.000915829208679497,-0.0109120609704405,
,,,0.160104165685,-0.000915829208679497,-0.00983165891375393,
,,,0.16070833235,-0.000991206092294306,-0.0109120609704405,
,,,0.161312499015,-0.000991206092294306,-0.00983165891375393,
,,,0.16191666568,-0.000915829208679497,-0.00875125685706735,
,,,0.162520832345,-0.000915829208679497,-0.00875125685706735,
,,,0.16312499901,-0.000991206092294306,-0.0109120609704405,
,,,0.163729165675,-0.000991206092294306,-0.00983165891375393,
,,,0.16433333234,-0.000991206092294306,-0.00983165891375393,
,,,0.164937499005,-0.000915829208679497,-0.0109120609704405,
,,,0.16554166567,-0.000991206092294306,-0.00983165891375393,
,,,0.166145832335,-0.000991206092294306,-0.00983165891375393,
,,,0.166749999,-0.000991206092294306,-0.0109120609704405,
,,,0.167354165665,-0.000991206092294306,-0.0109120609704405,
,,,0.16795833233,-0.000991206092294306,-0.0109120609704405,
,,,0.168562498995,-0.000991206092294306,-0.00983165891375393,
,,,0.16916666566,-0.000915829208679497,-0.0109120609704405,
,,,0.169770832325,-0.000991206092294306,-0.0109120609704405,
,,,0.17037499899,-0.000991206092294306,-0.0109120609704405,
,,,0.170979165655,-0.000915829208679497,-0.0109120609704405,
,,,0.17158333232,-0.000991206092294306,-0.0109120609704405,
,,,0.172187498985,-0.000991206092294306,-0.0109120609704405,
,,,0.17279166565,-0.000991206092294306,-0.0109120609704405,
,,,0.173395832315,-0.000991206092294306,-0.0109120609704405,
,,,0.17399999898,-0.00106658297590911,-0.0109120609704405,
,,,0.174604165645,-0.000991206092294306,-0.00983165891375393,
,,,0.17520833231,-0.000991206092294306,-0.0109120609704405,
,,,0.175812498975,-0.000991206092294306,-0.0109120609704405,
,,,0.17641666564,-0.000991206092294306,-0.0109120609704405,
,,,0.177020832305,-0.000991206092294306,-0.0109120609704405,
,,,0.17762499897,-0.000991206092294306,-0.0109120609704405,
,,,0.178229165635,-0.00106658297590911,-0.0109120609704405,
,,,0.1788333323,-0.000991206092294306,-0.0109120609704405,
,,,0.179437498965,-0.00106658297590911,-0.00983165891375393,
,,,0.18004166563,-0.00106658297590911,-0.0119924630271271,
,,,0.180645832295,-0.000991206092294306,-0.00983165891375393,
,,,0.18124999896,-0.000991206092294306,-0.00983165891375393,
,,,0.181854165625,-0.00106658297590911,-0.0109120609704405,
,,,0.18245833229,-0.000991206092294306,-0.0119924630271271,
,,,0.183062498955,-0.000991206092294306,-0.0109120609704405,
,,,0.18366666562,-0.00106658297590911,-0.0109120609704405,
,,,0.184270832285,-0.000991206092294306,-0.0109120609704405,
,,,0.18487499895,-0.000991206092294306,-0.0109120609704405,
,,,0.185479165615,-0.000991206092294306,-0.0109120609704405,
,,,0.18608333228,-0.000991206092294306,-0.0109120609704405,
,,,0.186687498945,-0.00106658297590911,-0.0119924630271271,
,,,0.18729166561,-0.000991206092294306,-0.0119924630271271,
,,,0.187895832275,-0.000991206092294306,-0.0109120609704405,
,,,0.18849999894,-0.000991206092294306,-0.0119924630271271,
,,,0.189104165605,-0.000991206092294306,-0.0119924630271271,
,,,0.18970833227,-0.000991206092294306,-0.0119924630271271,
,,,0.190312498935,-0.000991206092294306,-0.0119924630271271,
,,,0.1909166656,-0.00106658297590911,-0.0119924630271271,
,,,0.191520832265,-0.00106658297590911,-0.0119924630271271,
,,,0.19212499893,-0.000991206092294306,-0.0130728650838137,
,,,0.192729165595,-0.000991206092294306,-0.0119924630271271,
,,,0.19333333226,-0.00106658297590911,-0.0141532671405002,
,,,0.193937498925,-0.00106658297590911,-0.0130728650838137,
,,,0.19454166559,-0.00106658297590911,-0.0130728650838137,
,,,0.195145832255,-0.000991206092294306,-0.0130728650838137,
,,,0.19574999892,-0.000991206092294306,-0.0141532671405002,
,,,0.196354165585,-0.000991206092294306,-0.0130728650838137,
,,,0.19695833225,-0.000991206092294306,-0.0141532671405002,
,,,0.197562498915,-0.000991206092294306,-0.0130728650838137,
,,,0.19816666558,-0.000991206092294306,-0.0141532671405002,
,,,0.198770832245,-0.000991206092294306,-0.0152336691971868,
,,,0.19937499891,-0.000991206092294306,-0.0141532671405002,
,,,0.199979165575,-0.000991206092294306,-0.0141532671405002,
,,,0.20058333224,-0.000915829208679497,-0.0141532671405002,
,,,0.201187498905,-0.000991206092294306,-0.0141532671405002,
,,,0.20179166557,-0.000991206092294306,-0.0152336691971868,
,,,0.202395832235,-0.000991206092294306,-0.0163140712538734,
,,,0.2029999989,-0.000991206092294306,-0.0152336691971868,
,,,0.203604165565,-0.000991206092294306,-0.0163140712538734,
,,,0.20420833223,-0.000991206092294306,-0.01739447331056,
,,,0.204812498895,-0.000991206092294306,-0.01739447331056,
,,,0.20541666556,-0.000991206092294306,-0.01739447331056,
,,,0.206020832225,-0.00106658297590911,-0.0184748753672466,
,,,0.20662499889,-0.000991206092294306,-0.0195552774239331,
,,,0.207229165555,-0.000991206092294306,-0.0206356794806197,
,,,0.20783333222,-0.000991206092294306,-0.0195552774239331,
,,,0.208437498885,-0.000915829208679497,-0.0206356794806197,
,,,0.20904166555,-0.000991206092294306,-0.0217160815373063,
,,,0.209645832215,-0.000991206092294306,-0.0227964835939929,
,,,0.21024999888,-0.000991206092294306,-0.0238768856506795,
,,,0.210854165545,-0.000991206092294306,-0.024957287707366,
,,,0.21145833221,-0.000915829208679497,-0.0271180918207392,
,,,0.212062498875,-0.000991206092294306,-0.0271180918207392,
,,,0.21266666554,-0.000991206092294306,-0.0292788959341124,
,,,0.213270832205,-0.000991206092294306,-0.0292788959341124,
,,,0.21387499887,-0.000991206092294306,-0.0325201021041721,
,,,0.214479165535,-0.000991206092294306,-0.0336005041608587,
,,,0.2150833322,-0.000991206092294306,-0.0368417103309184,
,,,0.215687498865,-0.000991206092294306,-0.0390025144442916,
,,,0.21629166553,-0.000991206092294306,-0.0400829165009782,
,,,0.216895832195,-0.000991206092294306,-0.0433241226710379,
,,,0.21749999886,-0.00106658297590911,-0.0487261329544708,
,,,0.218104165525,-0.000991206092294306,-0.050886937067844,
,,,0.21870833219,-0.000991206092294306,-0.0562889473512769,
,,,0.219312498855,-0.000991206092294306,-0.0606105555780232,
,,,0.21991666552,-0.000991206092294306,-0.0660125658614561,
,,,0.220520832185,-0.000991206092294306,-0.0703341740882024,
,,,0.22112499885,-0.000991206092294306,-0.0778969884850085,
,,,0.221729165515,-0.00106658297590911,-0.0865402049385011,
,,,0.22233333218,-0.00106658297590911,-0.0951834213919938,
,,,0.222937498845,-0.00106658297590911,-0.10598744195886,
,,,0.22354166551,-0.00106658297590911,-0.116791462525725,
,,,0.224145832175,-0.000991206092294306,-0.130836689262651,
,,,0.22474999884,-0.00106658297590911,-0.145962318056263,
,,,0.225354165505,-0.000991206092294306,-0.163248750963248,
,,,0.22595833217,-0.00106658297590911,-0.183776390040293,
,,,0.226562498835,-0.00106658297590911,-0.208625637344085,
,,,0.2271666655,-0.00106658297590911,-0.237796492874622,
,,,0.227770832165,-0.00106658297590911,-0.27020855457522,
,,,0.22837499883,-0.000991206092294306,-0.310183430672623,
,,,0.228979165495,-0.00106658297590911,-0.356640719110146,
,,,0.22958333216,-0.00106658297590911,-0.412821626057848,
,,,0.230187498825,-0.00106658297590911,-0.477645749459043,
,,,0.23079166549,-0.00106658297590911,-0.555434697540477,
,,,0.231395832155,-0.00106658297590911,-0.644027666188776,
,,,0.23199999882,-0.00106658297590911,-0.747746263630688,
,,,0.232604165485,-0.00106658297590911,-0.869831696036272,
,,,0.23320833215,-0.00114195985952392,-1.00704275723547,
,,,0.233812498815,-0.000991206092294306,-1.15829904517159,
,,,0.23441666548,-0.00106658297590911,-1.31495734339114,
,,,0.235020832145,-0.00106658297590911,-1.46189202310052,
,,,0.23562499881,-0.00106658297590911,-1.57857544522267,
,,,0.236229165475,-0.00106658297590911,-1.63907796039712,
,,,0.23683333214,-0.00106658297590911,-1.62827393983025,
,,,0.237437498805,-0.00106658297590911,-1.52887695061509,
,,,0.23804166547,-0.00106658297590911,-1.34304779686499,
,,,0.238645832135,-0.00106658297590911,-1.08375130326021,
,,,0.2392499988,-0.00106658297590911,-0.773675912991166,
,,,0.239854165465,-0.000991206092294306,-0.432268863078207,
,,,0.24045833213,-0.000991206092294306,-0.0757361843716353,
,,,0.241062498795,-0.00106658297590911,0.286198504618369,
,,,0.24166666546,-0.00106658297590911,0.647052791551687,
,,,0.242270832125,-0.000991206092294306,0.988459841464646,
,,,0.24287499879,-0.00106658297590911,1.28665080911014,
,,,0.243479165455,-0.00106658297590911,1.51461564307101,
,,,0.24408333212,-0.000991206092294306,1.64642469398677,
,,,0.244687498785,-0.000991206092294306,1.68099755980074,
,,,0.24529166545,-0.00106658297590911,1.6280578590231,
,,,0.245895832115,-0.00106658297590911,1.51353524101432,
,,,0.24649999878,-0.00106658297590911,1.35687694279477,
,,,0.247104165445,-0.00106658297590911,1.19157542812172,
,,,0.24770833211,-0.000991206092294306,1.03059552167542,
,,,0.248312498775,-0.00106658297590911,0.883660841966048,
,,,0.24891666544,-0.000991206092294306,0.754012595163658,
,,,0.249520832105,-0.00106658297590911,0.641650781268254,
,,,0.25012499877,-0.00106658297590911,0.546575400279835,
,,,0.250729165435,-0.000991206092294306,0.464464843971655,
,,,0.2513333321,-0.00106658297590911,0.395319112343714,
,,,0.251937498765,-0.00106658297590911,0.336977401282638,
,,,0.25254166543,-0.00106658297590911,0.289439710788429,
,,,0.253145832095,-0.00106658297590911,0.247304030577652,
,,,0.25374999876,-0.00106658297590911,0.212731164763682,
,,,0.254354165425,-0.000991206092294306,0.183560309233144,
,,,0.25495833209,-0.00106658297590911,0.158711061929353,
,,,0.255562498755,-0.00106658297590911,0.136022618738934,
,,,0.25616666542,-0.00106658297590911,0.118736185831949,
,,,0.256770832085,-0.00106658297590911,0.10253015498165,
,,,0.25737499875,-0.00114195985952392,0.0895653303014115,
,,,0.257979165415,-0.00106658297590911,0.0787613097345456,
,,,0.25858333208,-0.00106658297590911,0.0679572891676798,
,,,0.259187498745,-0.00106658297590911,0.0593140727141872,
,,,0.25979166541,-0.00106658297590911,0.0517512583173811,
,,,0.260395832075,-0.00106658297590911,0.0452688459772617,
,,,0.26099999874,-0.00106658297590911,0.0398668356938288,
,,,0.261604165405,-0.00106658297590911,0.0355452274670824,
,,,0.26220833207,-0.00106658297590911,0.0301432171836495,
,,,0.262812498735,-0.00106658297590911,0.0269020110135898,
,,,0.2634166654,-0.00106658297590911,0.0215000007301569,
,,,0.264020832065,-0.00106658297590911,0.0204195986734703,
,,,0.26462499873,-0.00106658297590911,0.0182587945600972,
,,,0.265229165395,-0.00106658297590911,0.016097990446724,
,,,0.26583333206,-0.00106658297590911,0.0128567842766643,
,,,0.266437498725,-0.00106658297590911,0.0117763822199777,
,,,0.26704166539,-0.00106658297590911,0.00853517604991794,
,,,0.267645832055,-0.00106658297590911,0.00637437193654478,
,,,0.26824999872,-0.00106658297590911,0.00637437193654478,
,,,0.268854165385,-0.00106658297590911,0.00421356782317162,
,,,0.26945833205,-0.00106658297590911,0.00421356782317162,
,,,0.270062498715,-0.00106658297590911,0.00313316576648504,
,,,0.27066666538,-0.00106658297590911,0.00205276370979846,
,,,0.271270832045,-0.00106658297590911,0.000972361653111875,
,,,0.27187499871,-0.000991206092294306,-0.000108040403574705,
,,,0.272479165375,-0.00106658297590911,-0.000108040403574705,
,,,0.27308333204,-0.000991206092294306,-0.00226884451694787,
,,,0.273687498705,-0.000991206092294306,-0.00226884451694787,
,,,0.27429166537,-0.000991206092294306,-0.00334924657363445,
,,,0.274895832035,-0.000991206092294306,-0.00334924657363445,
,,,0.2754999987,-0.00106658297590911,-0.00334924657363445,
,,,0.276104165365,-0.000991206092294306,-0.00334924657363445,
,,,0.27670833203,-0.000991206092294306,-0.00442964863032103,
,,,0.277312498695,-0.00106658297590911,-0.00551005068700761,
,,,0.27791666536,-0.00106658297590911,-0.00442964863032103,
,,,0.278520832025,-0.00106658297590911,-0.00551005068700761,
,,,0.27912499869,-0.00106658297590911,-0.00551005068700761,
,,,0.279729165355,-0.000991206092294306,-0.00551005068700761,
,,,0.28033333202,-0.000991206092294306,-0.00659045274369419,
,,,0.280937498685,-0.00106658297590911,-0.00659045274369419,
,,,0.28154166535,-0.00106658297590911,-0.00659045274369419,
,,,0.282145832015,-0.000991206092294306,-0.00659045274369419,
,,,0.28274999868,-0.000991206092294306,-0.00551005068700761,
,,,0.283354165345,-0.000991206092294306,-0.00659045274369419,
,,,0.28395833201,-0.00106658297590911,-0.00659045274369419,
,,,0.284562498675,-0.00106658297590911,-0.00659045274369419,
,,,0.28516666534,-0.00106658297590911,-0.00767085480038077,
,,,0.285770832005,-0.00106658297590911,-0.00767085480038077,
,,,0.28637499867,-0.000991206092294306,-0.00767085480038077,
,,,0.286979165335,-0.00106658297590911,-0.00767085480038077,
,,,0.287583332,-0.000991206092294306,-0.00767085480038077,
,,,0.288187498665,-0.000991206092294306,-0.00875125685706735,
,,,0.28879166533,-0.00106658297590911,-0.00767085480038077,
,,,0.289395831995,-0.000991206092294306,-0.00767085480038077,
,,,0.28999999866,-0.00106658297590911,-0.00983165891375393,
,,,0.290604165325,-0.00106658297590911,-0.00875125685706735,
,,,0.29120833199,-0.000991206092294306,-0.00875125685706735,
,,,0.291812498655,-0.000991206092294306,-0.00767085480038077,
,,,0.29241666532,-0.000991206092294306,-0.00875125685706735,
,,,0.293020831985,-0.000991206092294306,-0.00875125685706735,
,,,0.29362499865,-0.00106658297590911,-0.00983165891375393,
,,,0.294229165315,-0.000991206092294306,-0.00875125685706735,
,,,0.29483333198,-0.00106658297590911,-0.00875125685706735,
,,,0.295437498645,-0.000991206092294306,-0.00983165891375393,
,,,0.29604166531,-0.00106658297590911,-0.00875125685706735,
,,,0.296645831975,-0.000991206092294306,-0.00875125685706735,
,,,0.29724999864,-0.000991206092294306,-0.00875125685706735,
,,,0.297854165305,-0.00106658297590911,-0.00875125685706735,
,,,0.29845833197,-0.00106658297590911,-0.00983165891375393,
,,,0.299062498635,-0.00106658297590911,-0.00983165891375393,
,,,0.2996666653,-0.00106658297590911,-0.00983165891375393,
,,,0.300270831965,-0.000991206092294306,-0.00875125685706735,
,,,0.30087499863,-0.000991206092294306,-0.00875125685706735,
,,,0.301479165295,-0.000991206092294306,-0.00875125685706735,
,,,0.30208333196,-0.000991206092294306,-0.00875125685706735,
,,,0.302687498625,-0.000991206092294306,-0.00875125685706735,
,,,0.30329166529,-0.000991206092294306,-0.00875125685706735,
,,,0.303895831955,-0.00106658297590911,-0.00983165891375393,
,,,0.30449999862,-0.00106658297590911,-0.00875125685706735,
,,,0.305104165285,-0.00106658297590911,-0.00875125685706735,
,,,0.30570833195,-0.00106658297590911,-0.00983165891375393,
,,,0.306312498615,-0.00106658297590911,-0.00875125685706735,
,,,0.30691666528,-0.000991206092294306,-0.0109120609704405,
,,,0.307520831945,-0.000991206092294306,-0.00875125685706735,
,,,0.30812499861,-0.000991206092294306,-0.00983165891375393,
,,,0.308729165275,-0.000991206092294306,-0.00983165891375393,
,,,0.30933333194,-0.000991206092294306,-0.00983165891375393,
,,,0.309937498605,-0.00106658297590911,-0.00983165891375393,
,,,0.31054166527,-0.00106658297590911,-0.00983165891375393,
,,,0.311145831935,-0.000991206092294306,-0.00875125685706735,
,,,0.3117499986,-0.00106658297590911,-0.00875125685706735,
,,,0.312354165265,-0.00106658297590911,-0.00983165891375393,
,,,0.31295833193,-0.00106658297590911,-0.00875125685706735,
,,,0.313562498595,-0.00106658297590911,-0.0109120609704405,
,,,0.31416666526,-0.00106658297590911,-0.0109120609704405,
,,,0.314770831925,-0.000991206092294306,-0.00983165891375393,
,,,0.31537499859,-0.000991206092294306,-0.00983165891375393,
,,,0.315979165255,-0.000991206092294306,-0.00875125685706735,
,,,0.31658333192,-0.00106658297590911,-0.00983165891375393,
,,,0.317187498585,-0.00106658297590911,-0.00875125685706735,
,,,0.31779166525,-0.00106658297590911,-0.00983165891375393,
,,,0.318395831915,-0.000991206092294306,-0.00983165891375393,
,,,0.31899999858,-0.00106658297590911,-0.00875125685706735,
,,,0.319604165245,-0.000991206092294306,-0.00875125685706735,
,,,0.32020833191,-0.000991206092294306,-0.00983165891375393,
,,,0.320812498575,-0.00106658297590911,-0.00875125685706735,
,,,0.32141666524,-0.000991206092294306,-0.00983165891375393,
,,,0.322020831905,-0.000991206092294306,-0.00875125685706735,
,,,0.32262499857,-0.000991206092294306,-0.00875125685706735,
,,,0.323229165235,-0.000991206092294306,-0.00875125685706735,
,,,0.3238333319,-0.000991206092294306,-0.00983165891375393,
,,,0.324437498565,-0.000991206092294306,-0.00875125685706735,
,,,0.32504166523,-0.00106658297590911,-0.00983165891375393,
,,,0.325645831895,-0.000991206092294306,-0.0109120609704405,
,,,0.32624999856,-0.000991206092294306,-0.00983165891375393,
,,,0.326854165225,-0.00106658297590911,-0.00983165891375393,
,,,0.32745833189,-0.00106658297590911,-0.00983165891375393,
,,,0.328062498555,-0.000991206092294306,-0.0109120609704405,
,,,0.32866666522,-0.000991206092294306,-0.00983165891375393,
,,,0.329270831885,-0.000991206092294306,-0.00983165891375393,
,,,0.32987499855,-0.000991206092294306,-0.00983165891375393,
,,,0.330479165215,-0.000991206092294306,-0.00983165891375393,
,,,0.33108333188,-0.00106658297590911,-0.00983165891375393,
,,,0.331687498545,-0.000991206092294306,-0.00983165891375393,
,,,0.33229166521,-0.00106658297590911,-0.00983165891375393,
,,,0.332895831875,-0.000991206092294306,-0.00875125685706735,
,,,0.33349999854,-0.00106658297590911,-0.00983165891375393,
,,,0.334104165205,-0.00106658297590911,-0.00983165891375393,
,,,0.33470833187,-0.00106658297590911,-0.00983165891375393,
,,,0.335312498535,-0.000991206092294306,-0.00983165891375393,
,,,0.3359166652,-0.000991206092294306,-0.00983165891375393,
,,,0.336520831865,-0.000991206092294306,-0.00875125685706735,
,,,0.33712499853,-0.00106658297590911,-0.00983165891375393,
,,,0.337729165195,-0.00106658297590911,-0.00983165891375393,
,,,0.33833333186,-0.00106658297590911,-0.00983165891375393,
,,,0.338937498525,-0.00106658297590911,-0.00983165891375393,
,,,0.33954166519,-0.00106658297590911,-0.0109120609704405,
,,,0.340145831855,-0.00106658297590911,-0.00983165891375393,
,,,0.34074999852,-0.000991206092294306,-0.00983165891375393,
,,,0.341354165185,-0.00106658297590911,-0.00983165891375393,
,,,0.34195833185,-0.000991206092294306,-0.00875125685706735,
,,,0.342562498515,-0.00106658297590911,-0.00875125685706735,
,,,0.34316666518,-0.000991206092294306,-0.00983165891375393,
,,,0.343770831845,-0.00106658297590911,-0.00983165891375393,
,,,0.34437499851,-0.000991206092294306,-0.00983165891375393,
,,,0.344979165175,-0.000991206092294306,-0.00983165891375393,
,,,0.34558333184,-0.00106658297590911,-0.00983165891375393,
,,,0.346187498505,-0.000991206092294306,-0.00875125685706735,
,,,0.34679166517,-0.000991206092294306,-0.00983165891375393,
,,,0.347395831835,-0.00106658297590911,-0.00983165891375393,
,,,0.3479999985,-0.000991206092294306,-0.00983165891375393,
,,,0.348604165165,-0.00106658297590911,-0.00983165891375393,
,,,0.34920833183,-0.000991206092294306,-0.0109120609704405,
,,,0.349812498495,-0.00106658297590911,-0.0109120609704405,
,,,0.35041666516,-0.00106658297590911,-0.00983165891375393,
,,,0.351020831825,-0.000991206092294306,-0.0109120609704405,
,,,0.35162499849,-0.00106658297590911,-0.00875125685706735,
,,,0.352229165155,-0.000991206092294306,-0.00983165891375393,
,,,0.35283333182,-0.000991206092294306,-0.00983165891375393,
,,,0.353437498485,-0.000991206092294306,-0.00983165891375393,
,,,0.35404166515,-0.00106658297590911,-0.0109120609704405,
,,,0.354645831815,-0.00106658297590911,-0.00983165891375393,
,,,0.35524999848,-0.00106658297590911,-0.00983165891375393,
,,,0.355854165145,-0.00106658297590911,-0.00983165891375393,
,,,0.35645833181,-0.00106658297590911,-0.0109120609704405,
,,,0.357062498475,-0.000991206092294306,-0.00983165891375393,
,,,0.35766666514,-0.00106658297590911,-0.00983165891375393,
,,,0.358270831805,-0.00106658297590911,-0.0109120609704405,
,,,0.35887499847,-0.000991206092294306,-0.0109120609704405,
,,,0.359479165135,-0.00106658297590911,-0.00983165891375393,
,,,0.3600833318,-0.00106658297590911,-0.00983165891375393,
,,,0.360687498465,-0.00106658297590911,-0.0109120609704405,
,,,0.36129166513,-0.000991206092294306,-0.00983165891375393,
,,,0.361895831795,-0.000991206092294306,-0.00983165891375393,
,,,0.36249999846,-0.00106658297590911,-0.00875125685706735,
,,,0.363104165125,-0.000991206092294306,-0.00983165891375393,
,,,0.36370833179,-0.00106658297590911,-0.00983165891375393,
,,,0.364312498455,-0.00106658297590911,-0.00983165891375393,
,,,0.36491666512,-0.000991206092294306,-0.0109120609704405,
,,,0.365520831785,-0.00106658297590911,-0.00983165891375393,
,,,0.36612499845,-0.000991206092294306,-0.00983165891375393,
,,,0.366729165115,-0.00106658297590911,-0.0109120609704405,
,,,0.36733333178,-0.00106658297590911,-0.0109120609704405,
,,,0.367937498445,-0.00106658297590911,-0.00983165891375393,
,,,0.36854166511,-0.00106658297590911,-0.00983165891375393,
,,,0.369145831775,-0.000991206092294306,-0.00983165891375393,
,,,0.36974999844,-0.00106658297590911,-0.00983165891375393,
,,,0.370354165105,-0.00106658297590911,-0.0109120609704405,
,,,0.37095833177,-0.00106658297590911,-0.0109120609704405,
,,,0.371562498435,-0.00106658297590911,-0.00983165891375393,
,,,0.3721666651,-0.00106658297590911,-0.00875125685706735,
,,,0.372770831765,-0.00106658297590911,-0.00983165891375393,
,,,0.37337499843,-0.00106658297590911,-0.00983165891375393,
,,,0.373979165095,-0.00106658297590911,-0.0109120609704405,
,,,0.37458333176,-0.00106658297590911,-0.00983165891375393,
,,,0.375187498425,-0.000991206092294306,-0.00983165891375393,
,,,0.37579166509,-0.00106658297590911,-0.00983165891375393,
,,,0.376395831755,-0.000991206092294306,-0.00875125685706735,
,,,0.37699999842,-0.000991206092294306,-0.00983165891375393,
,,,0.377604165085,-0.000991206092294306,-0.00983165891375393,
,,,0.37820833175,-0.00106658297590911,-0.00983165891375393,
,,,0.378812498415,-0.00106658297590911,-0.00875125685706735,
,,,0.37941666508,-0.00106658297590911,-0.00983165891375393,
,,,0.380020831745,-0.00106658297590911,-0.00983165891375393,
,,,0.38062499841,-0.000991206092294306,-0.00983165891375393,
,,,0.381229165075,-0.00106658297590911,-0.00983165891375393,
,,,0.38183333174,-0.000991206092294306,-0.00983165891375393,
,,,0.382437498405,-0.000991206092294306,-0.00875125685706735,
,,,0.38304166507,-0.000991206092294306,-0.00983165891375393,
,,,0.383645831735,-0.00106658297590911,-0.00875125685706735,
