Address:,USB0::0x0957::0x179B::MY54313431::0::INSTR,,Analog Channels,,,
Model:,DSO-X 2002A,,Time (s),1 (VOLT),2 (VOLT),
Serial Number:,MY54313431,,-0.25625,-0.00342964846640825,-0.0240251166978851,
Firmware Version:,02.65.2021030741,,-0.25520833334,-0.00342964846640825,-0.0240251166978851,
Start Time:,2023-06-04 14:35:35.335,,-0.25416666668,-0.00342964846640825,-0.0240251166978851,
,,,-0.25312500002,-0.00342964846640825,-0.0240251166978851,
Analog Sample Count:,960,,-0.25208333336,-0.00342964846640825,-0.022768835304305,
Function Sample Count:,0,,-0.2510416667,-0.00342964846640825,-0.0240251166978851,
Waveform Memory Sample Count:,0,,-0.25000000004,-0.00342964846640825,-0.0240251166978851,
Digital Sample Count:,0,,-0.24895833338,-0.00342964846640825,-0.0240251166978851,
,,,-0.24791666672,-0.00342964846640825,-0.0240251166978851,
Setup Text Information:,,,-0.24687500006,-0.00342964846640825,-0.0240251166978851,
ANALOG,,,-0.2458333334,-0.00342964846640825,-0.0240251166978851,
Channel 1,,,-0.24479166674,-0.00330402032705024,-0.0240251166978851,
Scale,50 mV/,,-0.24375000008,-0.00330402032705024,-0.0240251166978851,
Pos,-17.5 mV,,-0.24270833342,-0.00342964846640825,-0.0240251166978851,
Coup,,,-0.24166666676,-0.00330402032705024,-0.0240251166978851,
BW,Off,,-0.2406250001,-0.00342964846640825,-0.0252813980914652,
Inv,Off,,-0.23958333344,-0.00342964846640825,-0.0240251166978851,
Imp,1M Ohm,,-0.23854166678,-0.00342964846640825,-0.0240251166978851,
Trace Label,1,,-0.23750000012,-0.00330402032705024,-0.0240251166978851,
Probe,1,,-0.23645833346,-0.00330402032705024,-0.0252813980914652,
Skew,0 s,,-0.2354166668,-0.00330402032705024,-0.0252813980914652,
,,,-0.23437500014,-0.00330402032705024,-0.0240251166978851,
Channel 2,,,-0.23333333348,-0.00330402032705024,-0.0240251166978851,
Scale,500 mV/,,-0.23229166682,-0.00330402032705024,-0.0240251166978851,
Pos,231 mV,,-0.23125000016,-0.00330402032705024,-0.0240251166978851,
Coup,,,-0.2302083335,-0.00330402032705024,-0.0252813980914652,
BW,Off,,-0.22916666684,-0.00330402032705024,-0.0252813980914652,
Inv,Off,,-0.22812500018,-0.00330402032705024,-0.0240251166978851,
Imp,1M Ohm,,-0.22708333352,-0.00330402032705024,-0.0240251166978851,
Trace Label,2,,-0.22604166686,-0.00330402032705024,-0.0252813980914652,
Probe,1,,-0.2250000002,-0.00330402032705024,-0.0240251166978851,
Skew,0 s,,-0.22395833354,-0.00330402032705024,-0.0240251166978851,
,,,-0.22291666688,-0.00330402032705024,-0.0240251166978851,
MATH,,,-0.22187500022,-0.00330402032705024,-0.0240251166978851,
REFERENCE WAVEFORM,,,-0.22083333356,-0.00330402032705024,-0.0240251166978851,
TRIGGER,,,-0.2197916669,-0.00330402032705024,-0.0240251166978851,
Sweep Mode,AUTO,,-0.21875000024,-0.00330402032705024,-0.0240251166978851,
Coup,DC,,-0.21770833358,-0.00330402032705024,-0.0240251166978851,
Noise Rej,Off,,-0.21666666692,-0.00330402032705024,-0.0240251166978851,
HF Rej,Off,,-0.21562500026,-0.00330402032705024,-0.0240251166978851,
Holdoff,40.0 ns,,-0.2145833336,-0.00330402032705024,-0.0240251166978851,
Mode,GLIT,,-0.21354166694,-0.00330402032705024,-0.0240251166978851,
Source,CHAN1,,-0.21250000028,-0.00330402032705024,-0.022768835304305,
Slope,POS,,-0.21145833362,-0.00317839218769223,-0.0240251166978851,
Level,-5.2 mV V,,-0.21041666696,-0.00330402032705024,-0.0240251166978851,
,,,-0.2093750003,-0.00317839218769223,-0.0240251166978851,
HORIZONTAL,,,-0.20833333364,-0.00330402032705024,-0.022768835304305,
Mode,MAIN,,-0.20729166698,-0.00330402032705024,-0.0240251166978851,
Ref,CENT,,-0.20625000032,-0.00330402032705024,-0.0240251166978851,
Main Scale,100 ms/,,-0.20520833366,-0.00330402032705024,-0.0240251166978851,
Main Delay,244 ms,,-0.204166667,-0.00330402032705024,-0.0240251166978851,
,,,-0.20312500034,-0.00317839218769223,-0.022768835304305,
ACQUISITION,,,-0.20208333368,-0.00317839218769223,-0.0240251166978851,
Mode,HRES,,-0.20104166702,-0.00317839218769223,-0.0240251166978851,
RealTime,On,,-0.20000000036,-0.00317839218769223,-0.0240251166978851,
Vectors,On,,-0.1989583337,-0.00317839218769223,-0.0252813980914652,
Persistence,Off,,-0.19791666704,-0.00317839218769223,-0.0240251166978851,
,,,-0.19687500038,-0.00317839218769223,-0.022768835304305,
,,,-0.19583333372,-0.00330402032705024,-0.0240251166978851,
,,,-0.19479166706,-0.00317839218769223,-0.0240251166978851,
,,,-0.1937500004,-0.00317839218769223,-0.0240251166978851,
,,,-0.19270833374,-0.00317839218769223,-0.022768835304305,
,,,-0.19166666708,-0.00317839218769223,-0.0240251166978851,
,,,-0.19062500042,-0.00317839218769223,-0.0240251166978851,
,,,-0.18958333376,-0.00317839218769223,-0.0240251166978851,
,,,-0.1885416671,-0.00317839218769223,-0.022768835304305,
,,,-0.18750000044,-0.00317839218769223,-0.0240251166978851,
,,,-0.18645833378,-0.00317839218769223,-0.0252813980914652,
,,,-0.18541666712,-0.00317839218769223,-0.0240251166978851,
,,,-0.18437500046,-0.00317839218769223,-0.0240251166978851,
,,,-0.1833333338,-0.00317839218769223,-0.0240251166978851,
,,,-0.18229166714,-0.00317839218769223,-0.0240251166978851,
,,,-0.18125000048,-0.00317839218769223,-0.0252813980914652,
,,,-0.18020833382,-0.00317839218769223,-0.0252813980914652,
,,,-0.17916666716,-0.00317839218769223,-0.0240251166978851,
,,,-0.1781250005,-0.00317839218769223,-0.0240251166978851,
,,,-0.17708333384,-0.00317839218769223,-0.0240251166978851,
,,,-0.17604166718,-0.00305276404833421,-0.0240251166978851,
,,,-0.17500000052,-0.00317839218769223,-0.022768835304305,
,,,-0.17395833386,-0.00317839218769223,-0.0240251166978851,
,,,-0.1729166672,-0.00317839218769223,-0.0240251166978851,
,,,-0.17187500054,-0.00305276404833421,-0.0240251166978851,
,,,-0.17083333388,-0.00305276404833421,-0.0252813980914652,
,,,-0.16979166722,-0.00305276404833421,-0.0240251166978851,
,,,-0.16875000056,-0.00305276404833421,-0.0240251166978851,
,,,-0.1677083339,-0.00305276404833421,-0.0240251166978851,
,,,-0.16666666724,-0.00305276404833421,-0.022768835304305,
,,,-0.16562500058,-0.00305276404833421,-0.022768835304305,
,,,-0.16458333392,-0.00305276404833421,-0.0240251166978851,
,,,-0.16354166726,-0.00305276404833421,-0.0240251166978851,
,,,-0.1625000006,-0.00305276404833421,-0.0240251166978851,
,,,-0.16145833394,-0.00305276404833421,-0.0240251166978851,
,,,-0.16041666728,-0.00305276404833421,-0.0240251166978851,
,,,-0.15937500062,-0.00305276404833421,-0.0240251166978851,
,,,-0.15833333396,-0.00305276404833421,-0.0240251166978851,
,,,-0.1572916673,-0.00305276404833421,-0.0240251166978851,
,,,-0.15625000064,-0.00305276404833421,-0.0240251166978851,
,,,-0.15520833398,-0.00305276404833421,-0.0240251166978851,
,,,-0.15416666732,-0.00305276404833421,-0.0252813980914652,
,,,-0.15312500066,-0.00305276404833421,-0.0240251166978851,
,,,-0.152083334,-0.0029271359089762,-0.0240251166978851,
,,,-0.15104166734,-0.0029271359089762,-0.0240251166978851,
,,,-0.15000000068,-0.0029271359089762,-0.0240251166978851,
,,,-0.14895833402,-0.0029271359089762,-0.0240251166978851,
,,,-0.14791666736,-0.00305276404833421,-0.022768835304305,
,,,-0.1468750007,-0.00305276404833421,-0.0240251166978851,
,,,-0.14583333404,-0.00305276404833421,-0.0240251166978851,
,,,-0.14479166738,-0.0029271359089762,-0.0240251166978851,
,,,-0.14375000072,-0.0029271359089762,-0.0240251166978851,
,,,-0.14270833406,-0.0029271359089762,-0.022768835304305,
,,,-0.1416666674,-0.0029271359089762,-0.0240251166978851,
,,,-0.14062500074,-0.0029271359089762,-0.0252813980914652,
,,,-0.13958333408,-0.0029271359089762,-0.0240251166978851,
,,,-0.13854166742,-0.0029271359089762,-0.0240251166978851,
,,,-0.13750000076,-0.0029271359089762,-0.0240251166978851,
,,,-0.1364583341,-0.0029271359089762,-0.0252813980914652,
,,,-0.13541666744,-0.00280150776961818,-0.0240251166978851,
,,,-0.13437500078,-0.0029271359089762,-0.0240251166978851,
,,,-0.13333333412,-0.00280150776961818,-0.0240251166978851,
,,,-0.13229166746,-0.0029271359089762,-0.0240251166978851,
,,,-0.1312500008,-0.00280150776961818,-0.022768835304305,
,,,-0.13020833414,-0.00280150776961818,-0.0240251166978851,
,,,-0.12916666748,-0.00280150776961818,-0.0240251166978851,
,,,-0.12812500082,-0.00280150776961818,-0.022768835304305,
,,,-0.12708333416,-0.00280150776961818,-0.0252813980914652,
,,,-0.1260416675,-0.00280150776961818,-0.0252813980914652,
,,,-0.12500000084,-0.00280150776961818,-0.0252813980914652,
,,,-0.12395833418,-0.00280150776961818,-0.0240251166978851,
,,,-0.12291666752,-0.00267587963026017,-0.0240251166978851,
,,,-0.12187500086,-0.00280150776961818,-0.0240251166978851,
,,,-0.1208333342,-0.00267587963026017,-0.0252813980914652,
,,,-0.11979166754,-0.00280150776961818,-0.022768835304305,
,,,-0.11875000088,-0.00267587963026017,-0.0240251166978851,
,,,-0.11770833422,-0.00280150776961818,-0.0240251166978851,
,,,-0.11666666756,-0.00280150776961818,-0.0240251166978851,
,,,-0.1156250009,-0.00267587963026017,-0.0240251166978851,
,,,-0.11458333424,-0.00267587963026017,-0.0252813980914652,
,,,-0.11354166758,-0.00267587963026017,-0.0240251166978851,
,,,-0.11250000092,-0.00267587963026017,-0.0252813980914652,
,,,-0.11145833426,-0.00267587963026017,-0.0240251166978851,
,,,-0.1104166676,-0.00267587963026017,-0.0240251166978851,
,,,-0.10937500094,-0.00267587963026017,-0.0240251166978851,
,,,-0.10833333428,-0.00267587963026017,-0.0252813980914652,
,,,-0.10729166762,-0.00267587963026017,-0.0240251166978851,
,,,-0.10625000096,-0.00267587963026017,-0.0252813980914652,
,,,-0.1052083343,-0.00267587963026017,-0.0240251166978851,
,,,-0.10416666764,-0.00255025149090216,-0.022768835304305,
,,,-0.10312500098,-0.00255025149090216,-0.0240251166978851,
,,,-0.10208333432,-0.00255025149090216,-0.0240251166978851,
,,,-0.10104166766,-0.00255025149090216,-0.0240251166978851,
,,,-0.100000001,-0.00255025149090216,-0.0240251166978851,
,,,-0.09895833434,-0.00255025149090216,-0.0240251166978851,
,,,-0.09791666768,-0.00255025149090216,-0.0240251166978851,
,,,-0.09687500102,-0.00255025149090216,-0.0240251166978851,
,,,-0.09583333436,-0.00255025149090216,-0.0240251166978851,
,,,-0.0947916677,-0.00255025149090216,-0.0240251166978851,
,,,-0.09375000104,-0.00255025149090216,-0.0252813980914652,
,,,-0.09270833438,-0.00255025149090216,-0.0240251166978851,
,,,-0.09166666772,-0.00255025149090216,-0.0252813980914652,
,,,-0.09062500106,-0.00255025149090216,-0.0252813980914652,
,,,-0.0895833344,-0.00242462335154414,-0.0240251166978851,
,,,-0.08854166774,-0.00242462335154414,-0.0240251166978851,
,,,-0.08750000108,-0.00242462335154414,-0.0240251166978851,
,,,-0.08645833442,-0.00242462335154414,-0.0240251166978851,
,,,-0.08541666776,-0.00242462335154414,-0.0240251166978851,
,,,-0.0843750011,-0.00242462335154414,-0.0252813980914652,
,,,-0.08333333444,-0.00242462335154414,-0.0240251166978851,
,,,-0.08229166778,-0.00229899521218613,-0.0240251166978851,
,,,-0.08125000112,-0.00242462335154414,-0.0265376794850454,
,,,-0.08020833446,-0.00242462335154414,-0.0240251166978851,
,,,-0.0791666678,-0.00229899521218613,-0.0240251166978851,
,,,-0.07812500114,-0.00229899521218613,-0.0240251166978851,
,,,-0.07708333448,-0.00229899521218613,-0.0240251166978851,
,,,-0.07604166782,-0.00229899521218613,-0.0240251166978851,
,,,-0.07500000116,-0.00217336707282811,-0.0240251166978851,
,,,-0.0739583345,-0.00229899521218613,-0.0240251166978851,
,,,-0.0729166678399999,-0.00217336707282811,-0.0240251166978851,
,,,-0.07187500118,-0.00217336707282811,-0.0240251166978851,
,,,-0.07083333452,-0.00217336707282811,-0.0240251166978851,
,,,-0.06979166786,-0.00217336707282811,-0.022768835304305,
,,,-0.0687500012,-0.0020477389334701,-0.0240251166978851,
,,,-0.06770833454,-0.0020477389334701,-0.0240251166978851,
,,,-0.06666666788,-0.00217336707282811,-0.0240251166978851,
,,,-0.06562500122,-0.00217336707282811,-0.0240251166978851,
,,,-0.06458333456,-0.0020477389334701,-0.0240251166978851,
,,,-0.0635416679,-0.0020477389334701,-0.022768835304305,
,,,-0.06250000124,-0.0020477389334701,-0.0240251166978851,
,,,-0.06145833458,-0.0020477389334701,-0.022768835304305,
,,,-0.06041666792,-0.0020477389334701,-0.0240251166978851,
,,,-0.0593750012599999,-0.0020477389334701,-0.0240251166978851,
,,,-0.0583333346,-0.0020477389334701,-0.0252813980914652,
,,,-0.05729166794,-0.0020477389334701,-0.0240251166978851,
,,,-0.05625000128,-0.00192211079411209,-0.0240251166978851,
,,,-0.05520833462,-0.00192211079411209,-0.0240251166978851,
,,,-0.05416666796,-0.00192211079411209,-0.0240251166978851,
,,,-0.0531250013,-0.00192211079411209,-0.0240251166978851,
,,,-0.05208333464,-0.00192211079411209,-0.0252813980914652,
,,,-0.05104166798,-0.00192211079411209,-0.0240251166978851,
,,,-0.05000000132,-0.00192211079411209,-0.0240251166978851,
,,,-0.04895833466,-0.00179648265475407,-0.0240251166978851,
,,,-0.047916668,-0.00192211079411209,-0.0240251166978851,
,,,-0.04687500134,-0.00179648265475407,-0.0240251166978851,
,,,-0.0458333346799999,-0.00179648265475407,-0.0240251166978851,
,,,-0.04479166802,-0.00179648265475407,-0.0252813980914652,
,,,-0.04375000136,-0.00179648265475407,-0.0240251166978851,
,,,-0.0427083347,-0.00167085451539606,-0.0240251166978851,
,,,-0.04166666804,-0.00167085451539606,-0.0240251166978851,
,,,-0.04062500138,-0.00167085451539606,-0.0252813980914652,
,,,-0.03958333472,-0.00167085451539606,-0.022768835304305,
,,,-0.03854166806,-0.00167085451539606,-0.022768835304305,
,,,-0.0375000014,-0.00167085451539606,-0.0240251166978851,
,,,-0.03645833474,-0.00167085451539606,-0.0240251166978851,
,,,-0.03541666808,-0.00154522637603804,-0.0240251166978851,
,,,-0.03437500142,-0.00154522637603804,-0.0240251166978851,
,,,-0.03333333476,-0.00154522637603804,-0.0240251166978851,
,,,-0.0322916680999999,-0.00154522637603804,-0.0240251166978851,
,,,-0.03125000144,-0.00154522637603804,-0.0240251166978851,
,,,-0.03020833478,-0.00141959823668003,-0.0252813980914652,
,,,-0.02916666812,-0.00141959823668003,-0.0240251166978851,
,,,-0.02812500146,-0.00141959823668003,-0.0240251166978851,
,,,-0.0270833348,-0.00141959823668003,-0.0252813980914652,
,,,-0.0260416681399999,-0.00141959823668003,-0.0252813980914652,
,,,-0.02500000148,-0.00141959823668003,-0.0240251166978851,
,,,-0.02395833482,-0.00129397009732202,-0.0252813980914652,
,,,-0.02291666816,-0.00129397009732202,-0.0240251166978851,
,,,-0.0218750015,-0.00129397009732202,-0.0252813980914652,
,,,-0.02083333484,-0.001168341957964,-0.0252813980914652,
,,,-0.01979166818,-0.00129397009732202,-0.0240251166978851,
,,,-0.0187500015199999,-0.001168341957964,-0.0240251166978851,
,,,-0.01770833486,-0.001168341957964,-0.0240251166978851,
,,,-0.0166666682,-0.001168341957964,-0.0240251166978851,
,,,-0.01562500154,-0.00104271381860599,-0.0252813980914652,
,,,-0.01458333488,-0.00104271381860599,-0.0252813980914652,
,,,-0.01354166822,-0.00104271381860599,-0.0240251166978851,
,,,-0.0125000015599999,-0.00104271381860599,-0.0240251166978851,
,,,-0.0114583349,-0.00104271381860599,-0.0252813980914652,
,,,-0.01041666824,-0.000917085679247975,-0.0252813980914652,
,,,-0.00937500157999996,-0.000917085679247975,-0.0252813980914652,
,,,-0.00833333491999996,-0.000791457539889961,-0.0252813980914652,
,,,-0.00729166825999997,-0.000917085679247975,-0.0252813980914652,
,,,-0.00625000159999994,-0.000791457539889961,-0.0240251166978851,
,,,-0.00520833493999995,-0.000791457539889961,-0.0240251166978851,
,,,-0.00416666827999995,-0.000791457539889961,-0.0240251166978851,
,,,-0.00312500161999996,-0.000665829400531948,-0.0240251166978851,
,,,-0.00208333495999996,-0.000665829400531948,-0.0240251166978851,
,,,-0.00104166829999996,-0.000665829400531948,-0.0240251166978851,
,,,-1.63999996916075E-09,-0.000665829400531948,-0.0240251166978851,
,,,0.00104166502000003,-0.000540201261173934,-0.0240251166978851,
,,,0.00208333168000002,-0.000540201261173934,-0.0240251166978851,
,,,0.00312499834000002,-0.000540201261173934,-0.0240251166978851,
,,,0.00416666500000007,-0.00041457312181592,-0.022768835304305,
,,,0.00520833166000007,-0.000540201261173934,-0.022768835304305,
,,,0.00624999832000006,-0.00041457312181592,-0.0240251166978851,
,,,0.00729166498000006,-0.000288944982457906,-0.0240251166978851,
,,,0.00833333164000005,-0.000288944982457906,-0.0252813980914652,
,,,0.00937499830000005,-0.000288944982457906,-0.0240251166978851,
,,,0.01041666496,-0.000288944982457906,-0.0240251166978851,
,,,0.01145833162,-0.000163316843099892,-0.0240251166978851,
,,,0.01249999828,-0.000163316843099892,-0.0240251166978851,
,,,0.01354166494,-3.76887037418783E-05,-0.0240251166978851,
,,,0.0145833316,-3.76887037418783E-05,-0.0252813980914652,
,,,0.01562499826,-3.76887037418783E-05,-0.0240251166978851,
,,,0.01666666492,-3.76887037418783E-05,-0.0240251166978851,
,,,0.0177083315800001,8.79394356161356E-05,-0.0252813980914652,
,,,0.0187499982400001,8.79394356161356E-05,-0.0240251166978851,
,,,0.0197916649000001,8.79394356161356E-05,-0.0252813980914652,
,,,0.0208333315600001,0.000213567574974149,-0.0240251166978851,
,,,0.0218749982200001,0.000213567574974149,-0.0240251166978851,
,,,0.02291666488,0.000213567574974149,-0.0240251166978851,
,,,0.02395833154,0.000339195714332163,-0.0252813980914652,
,,,0.0249999982,0.000339195714332163,-0.0252813980914652,
,,,0.02604166486,0.000464823853690177,-0.0252813980914652,
,,,0.02708333152,0.000464823853690177,-0.0240251166978851,
,,,0.02812499818,0.000464823853690177,-0.0240251166978851,
,,,0.02916666484,0.000464823853690177,-0.0252813980914652,
,,,0.0302083315,0.000590451993048191,-0.0240251166978851,
,,,0.0312499981600001,0.000716080132406205,-0.0240251166978851,
,,,0.0322916648200001,0.000716080132406205,-0.0240251166978851,
,,,0.0333333314800001,0.000841708271764219,-0.0240251166978851,
,,,0.0343749981400001,0.000716080132406205,-0.0240251166978851,
,,,0.0354166648000001,0.000841708271764219,-0.022768835304305,
,,,0.03645833146,0.000967336411122233,-0.0252813980914652,
,,,0.03749999812,0.000967336411122233,-0.0240251166978851,
,,,0.03854166478,0.00109296455048025,-0.0252813980914652,
,,,0.03958333144,0.00109296455048025,-0.0240251166978851,
,,,0.0406249981,0.00121859268983826,-0.0240251166978851,
,,,0.04166666476,0.00121859268983826,-0.0240251166978851,
,,,0.04270833142,0.00134422082919627,-0.0240251166978851,
,,,0.04374999808,0.00134422082919627,-0.0240251166978851,
,,,0.0447916647400001,0.00146984896855429,-0.0240251166978851,
,,,0.0458333314000001,0.00146984896855429,-0.0240251166978851,
,,,0.0468749980600001,0.0015954771079123,-0.0252813980914652,
,,,0.0479166647200001,0.0015954771079123,-0.0240251166978851,
,,,0.0489583313800001,0.0015954771079123,-0.0252813980914652,
,,,0.04999999804,0.00172110524727032,-0.0240251166978851,
,,,0.0510416647,0.00184673338662833,-0.0252813980914652,
,,,0.05208333136,0.00184673338662833,-0.0240251166978851,
,,,0.05312499802,0.00197236152598634,-0.0252813980914652,
,,,0.05416666468,0.00197236152598634,-0.0240251166978851,
,,,0.05520833134,0.00209798966534436,-0.0252813980914652,
,,,0.056249998,0.00222361780470237,-0.0240251166978851,
,,,0.0572916646600001,0.00222361780470237,-0.0252813980914652,
,,,0.0583333313200001,0.00234924594406039,-0.0252813980914652,
,,,0.0593749979800001,0.00234924594406039,-0.0252813980914652,
,,,0.0604166646400001,0.0024748740834184,-0.0240251166978851,
,,,0.0614583313000001,0.00260050222277641,-0.0252813980914652,
,,,0.0624999979600001,0.00260050222277641,-0.0240251166978851,
,,,0.06354166462,0.00272613036213443,-0.0240251166978851,
,,,0.06458333128,0.00285175850149244,-0.0240251166978851,
,,,0.06562499794,0.00297738664085045,-0.0240251166978851,
,,,0.0666666646,0.00297738664085045,-0.0252813980914652,
,,,0.06770833126,0.00310301478020847,-0.0240251166978851,
,,,0.06874999792,0.00310301478020847,-0.0252813980914652,
,,,0.06979166458,0.0033542710589245,-0.0252813980914652,
,,,0.0708333312400001,0.00347989919828251,-0.0240251166978851,
,,,0.0718749979000001,0.00347989919828251,-0.0240251166978851,
,,,0.0729166645600001,0.00360552733764052,-0.0252813980914652,
,,,0.0739583312200001,0.00373115547699854,-0.0240251166978851,
,,,0.0749999978800001,0.00373115547699854,-0.0240251166978851,
,,,0.0760416645400001,0.00385678361635655,-0.0240251166978851,
,,,0.0770833312,0.00398241175571457,-0.0240251166978851,
,,,0.07812499786,0.00410803989507258,-0.0240251166978851,
,,,0.07916666452,0.00423366803443059,-0.0240251166978851,
,,,0.08020833118,0.00423366803443059,-0.0240251166978851,
,,,0.08124999784,0.00448492431314662,-0.0240251166978851,
,,,0.0822916645,0.00448492431314662,-0.0252813980914652,
,,,0.08333333116,0.00473618059186265,-0.0240251166978851,
,,,0.0843749978200001,0.00473618059186265,-0.022768835304305,
,,,0.0854166644800001,0.00486180873122066,-0.0252813980914652,
,,,0.0864583311400001,0.00498743687057868,-0.0252813980914652,
,,,0.0874999978000001,0.0052386931492947,-0.022768835304305,
,,,0.0885416644600001,0.0052386931492947,-0.0240251166978851,
,,,0.0895833311200001,0.00536432128865272,-0.0240251166978851,
,,,0.09062499778,0.00548994942801073,-0.0240251166978851,
,,,0.09166666444,0.00561557756736875,-0.0240251166978851,
,,,0.0927083311,0.00574120570672676,-0.0240251166978851,
,,,0.09374999776,0.00599246198544279,-0.0240251166978851,
,,,0.09479166442,0.0061180901248008,-0.0240251166978851,
,,,0.09583333108,0.00624371826415882,-0.0240251166978851,
,,,0.09687499774,0.00636934640351683,-0.0240251166978851,
,,,0.0979166644000001,0.00649497454287484,-0.0240251166978851,
,,,0.0989583310600001,0.00662060268223286,-0.0240251166978851,
,,,0.0999999977200001,0.00687185896094888,-0.0240251166978851,
,,,0.10104166438,0.0069974871003069,-0.0240251166978851,
,,,0.10208333104,0.00712311523966491,-0.0252813980914652,
,,,0.1031249977,0.00724874337902293,-0.0240251166978851,
,,,0.10416666436,0.00737437151838094,-0.0240251166978851,
,,,0.10520833102,0.00762562779709697,-0.0240251166978851,
,,,0.10624999768,0.00775125593645498,-0.0240251166978851,
,,,0.10729166434,0.00800251221517101,-0.0240251166978851,
,,,0.108333331,0.00812814035452902,-0.0240251166978851,
,,,0.10937499766,0.00837939663324505,-0.0240251166978851,
,,,0.11041666432,0.00850502477260306,-0.0240251166978851,
,,,0.11145833098,0.00875628105131909,-0.0240251166978851,
,,,0.11249999764,0.00888190919067711,-0.0240251166978851,
,,,0.1135416643,0.00913316546939313,-0.0240251166978851,
,,,0.11458333096,0.00938442174810916,-0.0240251166978851,
,,,0.11562499762,0.00951004988746718,-0.0240251166978851,
,,,0.11666666428,0.0097613061661832,-0.0240251166978851,
,,,0.11770833094,0.0100125624448992,-0.0240251166978851,
,,,0.1187499976,0.0102638187236153,-0.0252813980914652,
,,,0.11979166426,0.0103894468629733,-0.0240251166978851,
,,,0.12083333092,0.0106407031416893,-0.0240251166978851,
,,,0.12187499758,0.0108919594204053,-0.0252813980914652,
,,,0.12291666424,0.0111432156991214,-0.0240251166978851,
,,,0.1239583309,0.0112688438384794,-0.0252813980914652,
,,,0.12499999756,0.0116457282565534,-0.0240251166978851,
,,,0.12604166422,0.0118969845352694,-0.0240251166978851,
,,,0.12708333088,0.0121482408139855,-0.0240251166978851,
,,,0.12812499754,0.0123994970927015,-0.0252813980914652,
,,,0.1291666642,0.0126507533714175,-0.0252813980914652,
,,,0.13020833086,0.0129020096501336,-0.0252813980914652,
,,,0.13124999752,0.0132788940682076,-0.0240251166978851,
,,,0.13229166418,0.0135301503469236,-0.0240251166978851,
,,,0.13333333084,0.0137814066256396,-0.0240251166978851,
,,,0.1343749975,0.0141582910437137,-0.0252813980914652,
,,,0.13541666416,0.0144095473224297,-0.0252813980914652,
,,,0.13645833082,0.0146608036011457,-0.0252813980914652,
,,,0.13749999748,0.0151633161585778,-0.0252813980914652,
,,,0.13854166414,0.0154145724372938,-0.0252813980914652,
,,,0.1395833308,0.0157914568553679,-0.0240251166978851,
,,,0.14062499746,0.0161683412734419,-0.0240251166978851,
,,,0.14166666412,0.016545225691516,-0.0252813980914652,
,,,0.14270833078,0.01692211010959,-0.0252813980914652,
,,,0.14374999744,0.017424622667022,-0.0240251166978851,
,,,0.1447916641,0.0178015070850961,-0.0240251166978851,
,,,0.14583333076,0.0181783915031701,-0.0252813980914652,
,,,0.14687499742,0.0186809040606022,-0.0240251166978851,
,,,0.14791666408,0.0190577884786762,-0.0240251166978851,
,,,0.14895833074,0.0195603010361083,-0.0240251166978851,
,,,0.1499999974,0.0200628135935403,-0.0240251166978851,
,,,0.15104166406,0.0205653261509724,-0.022768835304305,
,,,0.15208333072,0.0210678387084045,-0.0240251166978851,
,,,0.15312499738,0.0215703512658365,-0.0240251166978851,
,,,0.15416666404,0.0221984919626266,-0.0240251166978851,
,,,0.1552083307,0.0227010045200586,-0.0240251166978851,
,,,0.15624999736,0.0232035170774907,-0.0240251166978851,
,,,0.15729166402,0.0238316577742808,-0.0240251166978851,
,,,0.15833333068,0.0244597984710708,-0.0240251166978851,
,,,0.15937499734,0.0250879391678609,-0.0240251166978851,
,,,0.160416664,0.025590451725293,-0.022768835304305,
,,,0.16145833066,0.026218592422083,-0.0240251166978851,
,,,0.16249999732,0.0268467331188731,-0.0240251166978851,
,,,0.16354166398,0.0274748738156632,-0.0240251166978851,
,,,0.16458333064,0.0281030145124532,-0.0240251166978851,
,,,0.1656249973,0.0287311552092433,-0.022768835304305,
,,,0.16666666396,0.0294849240453914,-0.0252813980914652,
,,,0.16770833062,0.0301130647421815,-0.0240251166978851,
,,,0.16874999728,0.0307412054389715,-0.0240251166978851,
,,,0.16979166394,0.0314949742751196,-0.0240251166978851,
,,,0.1708333306,0.0321231149719097,-0.0240251166978851,
,,,0.17187499726,0.0328768838080578,-0.0240251166978851,
,,,0.17291666392,0.0336306526442058,-0.0240251166978851,
,,,0.17395833058,0.0342587933409959,-0.022768835304305,
,,,0.17499999724,0.035012562177144,-0.0240251166978851,
,,,0.1760416639,0.0357663310132921,-0.022768835304305,
,,,0.17708333056,0.0362688435707241,-0.0240251166978851,
,,,0.17812499722,0.0370226124068722,-0.0240251166978851,
,,,0.17916666388,0.0376507531036623,-0.0240251166978851,
,,,0.18020833054,0.0382788938004524,-0.0240251166978851,
,,,0.1812499972,0.0389070344972424,-0.0240251166978851,
,,,0.18229166386,0.0395351751940325,-0.0240251166978851,
,,,0.18333333052,0.0400376877514645,-0.0240251166978851,
,,,0.18437499718,0.0405402003088966,-0.0240251166978851,
,,,0.18541666384,0.0409170847269706,-0.0240251166978851,
,,,0.1864583305,0.0414195972844027,-0.022768835304305,
,,,0.18749999716,0.0417964817024767,-0.0240251166978851,
,,,0.18854166382,0.0420477379811928,-0.0240251166978851,
,,,0.18958333048,0.0421733661205508,-0.0240251166978851,
,,,0.19062499714,0.0424246223992668,-0.0240251166978851,
,,,0.1916666638,0.0424246223992668,-0.0240251166978851,
,,,0.19270833046,0.0425502505386248,-0.0240251166978851,
,,,0.19374999712,0.0425502505386248,-0.0252813980914652,
,,,0.19479166378,0.0424246223992668,-0.0240251166978851,
,,,0.19583333044,0.0422989942599088,-0.0240251166978851,
,,,0.1968749971,0.0420477379811928,-0.0240251166978851,
,,,0.19791666376,0.0416708535631187,-0.0240251166978851,
,,,0.19895833042,0.0412939691450447,-0.0240251166978851,
,,,0.19999999708,0.0407914565876126,-0.0240251166978851,
,,,0.20104166374,0.0402889440301806,-0.022768835304305,
,,,0.2020833304,0.0395351751940325,-0.0240251166978851,
,,,0.20312499706,0.0389070344972424,-0.0240251166978851,
,,,0.20416666372,0.0381532656610943,-0.0240251166978851,
,,,0.20520833038,0.0372738686855882,-0.022768835304305,
,,,0.20624999704,0.0362688435707241,-0.0240251166978851,
,,,0.2072916637,0.03526381845586,-0.0240251166978851,
,,,0.20833333036,0.0341331652016379,-0.0240251166978851,
,,,0.20937499702,0.0330025119474158,-0.0240251166978851,
,,,0.21041666368,0.0318718586931936,-0.0240251166978851,
,,,0.21145833034,0.0307412054389715,-0.0240251166978851,
,,,0.212499997,0.0293592959060334,-0.0240251166978851,
,,,0.21354166366,0.0281030145124532,-0.0240251166978851,
,,,0.21458333032,0.0267211049795151,-0.0240251166978851,
,,,0.21562499698,0.0252135673072189,-0.0240251166978851,
,,,0.21666666364,0.0238316577742808,-0.0240251166978851,
,,,0.2177083303,0.0223241201019846,-0.0252813980914652,
,,,0.21874999696,0.0206909542903304,-0.0240251166978851,
,,,0.21979166362,0.0191834166180342,-0.0240251166978851,
,,,0.22083333028,0.0175502508063801,-0.0240251166978851,
,,,0.22187499694,0.0159170849947259,-0.0252813980914652,
,,,0.2229166636,0.0142839191830717,-0.0240251166978851,
,,,0.22395833026,0.0126507533714175,-0.0240251166978851,
,,,0.22499999692,0.0110175875597633,-0.0252813980914652,
,,,0.22604166358,0.00938442174810916,-0.0240251166978851,
,,,0.22708333024,0.00762562779709697,-0.0240251166978851,
,,,0.2281249969,0.00586683384608477,-0.0240251166978851,
,,,0.22916666356,0.00410803989507258,-0.0240251166978851,
,,,0.23020833022,0.00234924594406039,-0.0240251166978851,
,,,0.23124999688,0.000590451993048191,-0.0240251166978851,
,,,0.23229166354,-0.00129397009732202,-0.0252813980914652,
,,,0.2333333302,-0.00317839218769223,-0.0240251166978851,
,,,0.23437499686,-0.00506281427806243,-0.0240251166978851,
,,,0.23541666352,-0.00682160822907463,-0.0240251166978851,
,,,0.23645833018,-0.00883165845880285,-0.0240251166978851,
,,,0.23749999684,-0.0107160805491731,-0.0240251166978851,
,,,0.2385416635,-0.0127261307789013,-0.0240251166978851,
,,,0.23958333016,-0.0147361810086295,-0.0240251166978851,
,,,0.24062499682,-0.0167462312383577,-0.0240251166978851,
,,,0.24166666348,-0.018881909607444,-0.0252813980914652,
,,,0.24270833014,-0.0210175879765302,-0.0240251166978851,
,,,0.2437499968,-0.0232788944849744,-0.0240251166978851,
,,,0.24479166346,-0.0255402009934187,-0.0240251166978851,
,,,0.24583333012,-0.0278015075018629,-0.0252813980914652,
,,,0.24687499678,-0.0291834170348011,-0.0240251166978851,
,,,0.24791666344,-0.0314447235432453,-0.0240251166978851,
,,,0.2489583301,-0.0339572863304056,-0.0240251166978851,
,,,0.24999999676,-0.0363442209782079,-0.0240251166978851,
,,,0.25104166342,-0.0389824119047262,-0.0240251166978851,
,,,0.25208333008,-0.0414949746918865,-0.0240251166978851,
,,,0.25312499674,-0.0442587937577628,-0.0240251166978851,
,,,0.2541666634,-0.0470226128236391,-0.0240251166978851,
,,,0.25520833006,-0.0499120600288734,-0.022768835304305,
,,,0.25624999672,-0.0528015072341077,-0.0240251166978851,
,,,0.25729166338,-0.055565326299984,-0.0240251166978851,
,,,0.25833333004,-0.0584547735052183,-0.0240251166978851,
,,,0.2593749967,-0.0613442207104526,-0.0252813980914652,
,,,0.26041666336,-0.064359296055045,-0.0240251166978851,
,,,0.26145833002,-0.0672487432602793,-0.0240251166978851,
,,,0.26249999668,-0.0701381904655136,-0.0252813980914652,
,,,0.26354166334,-0.0730276376707479,-0.0240251166978851,
,,,0.26458333,-0.0756658285972662,-0.0252813980914652,
,,,0.26562499666,-0.0784296476631425,-0.0252813980914652,
,,,0.26666666332,-0.0809422104503028,-0.0240251166978851,
,,,0.26770832998,-0.0833291450981051,-0.0240251166978851,
,,,0.26874999664,-0.0855904516065493,-0.0252813980914652,
,,,0.2697916633,-0.0876005018362775,-0.0252813980914652,
,,,0.27083332996,-0.0892336676479317,-0.0240251166978851,
,,,0.27187499662,-0.0907412053202279,-0.0240251166978851,
,,,0.27291666328,-0.09187185857445,-0.0240251166978851,
,,,0.27395832994,-0.0928768836893141,-0.0252813980914652,
,,,0.2749999966,-0.0935050243861042,-0.0252813980914652,
,,,0.27604166326,-0.0937562806648202,-0.0240251166978851,
,,,0.27708332992,-0.0936306525254622,-0.0240251166978851,
,,,0.27812499658,-0.0932537681073882,-0.0240251166978851,
,,,0.27916666324,-0.0924999992712401,-0.0252813980914652,
,,,0.2802083299,-0.091494974156376,-0.0240251166978851,
,,,0.28124999656,-0.0901130646234378,-0.0252813980914652,
,,,0.28229166322,-0.0886055269511417,-0.0240251166978851,
,,,0.28333332988,-0.0867211048607714,-0.0252813980914652,
,,,0.28437499654,-0.0847110546310432,-0.0252813980914652,
,,,0.2854166632,-0.082449748122599,-0.0240251166978851,
,,,0.28645832986,-0.0800628134747967,-0.0240251166978851,
,,,0.28749999652,-0.0775502506876364,-0.0240251166978851,
,,,0.28854166318,-0.0750376879004762,-0.0240251166978851,
,,,0.28958332984,-0.0723994969739579,-0.0240251166978851,
,,,0.2906249965,-0.0697613060474396,-0.0240251166978851,
,,,0.29166666316,-0.0671231151209213,-0.0240251166978851,
,,,0.29270832982,-0.064610552333761,-0.0240251166978851,
,,,0.29374999648,-0.0618467332678847,-0.0240251166978851,
,,,0.29479166314,-0.0593341704807244,-0.0240251166978851,
,,,0.2958333298,-0.0568216076935641,-0.0240251166978851,
,,,0.29687499646,-0.0544346730457619,-0.0240251166978851,
,,,0.29791666312,-0.0520477383979596,-0.0240251166978851,
,,,0.29895832978,-0.0496608037501574,-0.0252813980914652,
,,,0.29999999644,-0.0473994972417131,-0.0240251166978851,
,,,0.3010416631,-0.0452638188726269,-0.0240251166978851,
,,,0.30208332976,-0.0431281405035406,-0.0240251166978851,
,,,0.30312499642,-0.0411180902738124,-0.0240251166978851,
,,,0.30416666308,-0.0391080400440842,-0.0240251166978851,
,,,0.30520832974,-0.037223617953714,-0.0252813980914652,
,,,0.3062499964,-0.0353391958633438,-0.0252813980914652,
,,,0.30729166306,-0.0337060300516896,-0.0240251166978851,
,,,0.30833332972,-0.0320728642400354,-0.0240251166978851,
,,,0.30937499638,-0.0304396984283812,-0.0240251166978851,
,,,0.31041666304,-0.0290577888954431,-0.0240251166978851,
,,,0.3114583297,-0.0276758793625049,-0.0240251166978851,
,,,0.31249999636,-0.0262939698295668,-0.0240251166978851,
,,,0.31354166302,-0.0250376884359866,-0.0240251166978851,
,,,0.31458332968,-0.0237814070424065,-0.0252813980914652,
,,,0.31562499634,-0.0226507537881844,-0.0252813980914652,
,,,0.316666663,-0.0216457286733203,-0.0240251166978851,
,,,0.31770832966,-0.0206407035584562,-0.022768835304305,
,,,0.31874999632,-0.019635678443592,-0.0240251166978851,
,,,0.31979166298,-0.0187562814680859,-0.0252813980914652,
,,,0.32083332964,-0.0180025126319379,-0.0240251166978851,
,,,0.3218749963,-0.0171231156564318,-0.0252813980914652,
,,,0.32291666296,-0.0163693468202837,-0.0240251166978851,
,,,0.32395832962,-0.0157412061234936,-0.0240251166978851,
,,,0.32499999628,-0.0149874372873455,-0.0240251166978851,
,,,0.32604166294,-0.0143592965905555,-0.0252813980914652,
,,,0.3270833296,-0.0137311558937654,-0.0252813980914652,
,,,0.32812499626,-0.0131030151969753,-0.0240251166978851,
,,,0.32916666292,-0.0126005026395433,-0.0240251166978851,
,,,0.33020832958,-0.0120979900821112,-0.0240251166978851,
,,,0.33124999624,-0.0117211056640372,-0.0240251166978851,
,,,0.3322916629,-0.0112185931066051,-0.0240251166978851,
,,,0.33333332956,-0.0108417086885311,-0.0240251166978851,
,,,0.33437499622,-0.010464824270457,-0.0240251166978851,
,,,0.33541666288,-0.010087939852383,-0.0240251166978851,
,,,0.33645832954,-0.00971105543430895,-0.0240251166978851,
,,,0.3374999962,-0.0093341710162349,-0.0240251166978851,
,,,0.33854166286,-0.00908291473751888,-0.0252813980914652,
,,,0.33958332952,-0.00883165845880285,-0.0252813980914652,
,,,0.34062499618,-0.00858040218008682,-0.0240251166978851,
,,,0.34166666284,-0.00820351776201278,-0.0240251166978851,
,,,0.3427083295,-0.00807788962265477,-0.022768835304305,
,,,0.34374999616,-0.00782663334393874,-0.0240251166978851,
,,,0.34479166282,-0.00757537706522271,-0.0240251166978851,
,,,0.34583332948,-0.0074497489258647,-0.0240251166978851,
,,,0.34687499614,-0.00719849264714867,-0.0252813980914652,
,,,0.3479166628,-0.00694723636843264,-0.0240251166978851,
,,,0.34895832946,-0.00682160822907463,-0.0240251166978851,
,,,0.34999999612,-0.00669598008971661,-0.0240251166978851,
,,,0.35104166278,-0.0065703519503586,-0.0240251166978851,
,,,0.35208332944,-0.00631909567164257,-0.0240251166978851,
,,,0.3531249961,-0.00631909567164257,-0.0240251166978851,
,,,0.35416666276,-0.00606783939292654,-0.0240251166978851,
,,,0.35520832942,-0.00594221125356853,-0.0240251166978851,
,,,0.35624999608,-0.00594221125356853,-0.022768835304305,
,,,0.35729166274,-0.00581658311421052,-0.0240251166978851,
,,,0.3583333294,-0.0056909549748525,-0.0240251166978851,
,,,0.35937499606,-0.00556532683549449,-0.0240251166978851,
,,,0.36041666272,-0.00556532683549449,-0.0240251166978851,
,,,0.36145832938,-0.00543969869613647,-0.0252813980914652,
,,,0.36249999604,-0.00531407055677846,-0.0240251166978851,
,,,0.3635416627,-0.00531407055677846,-0.0252813980914652,
,,,0.36458332936,-0.00518844241742045,-0.0240251166978851,
,,,0.36562499602,-0.00506281427806243,-0.0240251166978851,
,,,0.36666666268,-0.00506281427806243,-0.022768835304305,
,,,0.36770832934,-0.00493718613870442,-0.0240251166978851,
,,,0.368749996,-0.00493718613870442,-0.0240251166978851,
,,,0.36979166266,-0.00481155799934641,-0.022768835304305,
,,,0.37083332932,-0.00481155799934641,-0.0240251166978851,
,,,0.37187499598,-0.00481155799934641,-0.0240251166978851,
,,,0.37291666264,-0.00481155799934641,-0.0240251166978851,
,,,0.3739583293,-0.00468592985998839,-0.0240251166978851,
,,,0.37499999596,-0.00468592985998839,-0.0240251166978851,
,,,0.37604166262,-0.00456030172063038,-0.0240251166978851,
,,,0.37708332928,-0.00456030172063038,-0.0240251166978851,
,,,0.37812499594,-0.00456030172063038,-0.0240251166978851,
,,,0.3791666626,-0.00456030172063038,-0.0240251166978851,
,,,0.38020832926,-0.00456030172063038,-0.0240251166978851,
,,,0.38124999592,-0.00443467358127236,-0.022768835304305,
,,,0.38229166258,-0.00443467358127236,-0.0240251166978851,
,,,0.38333332924,-0.00430904544191435,-0.0240251166978851,
,,,0.3843749959,-0.00430904544191435,-0.0240251166978851,
,,,0.38541666256,-0.00430904544191435,-0.0240251166978851,
,,,0.38645832922,-0.00430904544191435,-0.0252813980914652,
,,,0.38749999588,-0.00430904544191435,-0.0240251166978851,
,,,0.38854166254,-0.00418341730255634,-0.0240251166978851,
,,,0.3895833292,-0.00418341730255634,-0.0240251166978851,
,,,0.39062499586,-0.00418341730255634,-0.0240251166978851,
,,,0.39166666252,-0.00418341730255634,-0.0240251166978851,
,,,0.39270832918,-0.00418341730255634,-0.0240251166978851,
,,,0.39374999584,-0.00418341730255634,-0.0240251166978851,
,,,0.3947916625,-0.00405778916319832,-0.0240251166978851,
,,,0.39583332916,-0.00405778916319832,-0.0252813980914652,
,,,0.39687499582,-0.00405778916319832,-0.0240251166978851,
,,,0.39791666248,-0.00405778916319832,-0.0240251166978851,
,,,0.39895832914,-0.00405778916319832,-0.0240251166978851,
,,,0.3999999958,-0.00405778916319832,-0.0240251166978851,
,,,0.40104166246,-0.00405778916319832,-0.0252813980914652,
,,,0.40208332912,-0.00405778916319832,-0.0240251166978851,
,,,0.40312499578,-0.00405778916319832,-0.0252813980914652,
,,,0.40416666244,-0.00405778916319832,-0.0240251166978851,
,,,0.4052083291,-0.00405778916319832,-0.0240251166978851,
,,,0.40624999576,-0.00405778916319832,-0.0240251166978851,
,,,0.40729166242,-0.00405778916319832,-0.0240251166978851,
,,,0.40833332908,-0.00405778916319832,-0.0252813980914652,
,,,0.40937499574,-0.00393216102384031,-0.0252813980914652,
,,,0.4104166624,-0.00393216102384031,-0.0252813980914652,
,,,0.41145832906,-0.00393216102384031,-0.0240251166978851,
,,,0.41249999572,-0.00393216102384031,-0.0240251166978851,
,,,0.41354166238,-0.00393216102384031,-0.0240251166978851,
,,,0.41458332904,-0.00393216102384031,-0.0240251166978851,
,,,0.4156249957,-0.00393216102384031,-0.0240251166978851,
,,,0.41666666236,-0.00393216102384031,-0.0252813980914652,
,,,0.41770832902,-0.00393216102384031,-0.0240251166978851,
,,,0.41874999568,-0.00393216102384031,-0.0240251166978851,
,,,0.41979166234,-0.00393216102384031,-0.0252813980914652,
,,,0.420833329,-0.00393216102384031,-0.0240251166978851,
,,,0.42187499566,-0.00380653288448229,-0.0240251166978851,
,,,0.42291666232,-0.00393216102384031,-0.0240251166978851,
,,,0.42395832898,-0.00393216102384031,-0.0240251166978851,
,,,0.42499999564,-0.00393216102384031,-0.0240251166978851,
,,,0.4260416623,-0.00393216102384031,-0.0240251166978851,
,,,0.42708332896,-0.00380653288448229,-0.0240251166978851,
,,,0.42812499562,-0.00380653288448229,-0.0240251166978851,
,,,0.42916666228,-0.00380653288448229,-0.0240251166978851,
,,,0.43020832894,-0.00380653288448229,-0.0240251166978851,
,,,0.4312499956,-0.00380653288448229,-0.0240251166978851,
,,,0.43229166226,-0.00380653288448229,-0.0240251166978851,
,,,0.43333332892,-0.00380653288448229,-0.0240251166978851,
,,,0.43437499558,-0.00380653288448229,-0.0240251166978851,
,,,0.43541666224,-0.00380653288448229,-0.0240251166978851,
,,,0.4364583289,-0.00380653288448229,-0.022768835304305,
,,,0.43749999556,-0.00380653288448229,-0.0240251166978851,
,,,0.43854166222,-0.00380653288448229,-0.022768835304305,
,,,0.43958332888,-0.00380653288448229,-0.0240251166978851,
,,,0.44062499554,-0.00380653288448229,-0.022768835304305,
,,,0.4416666622,-0.00380653288448229,-0.022768835304305,
,,,0.44270832886,-0.00380653288448229,-0.0240251166978851,
,,,0.44374999552,-0.00380653288448229,-0.022768835304305,
,,,0.44479166218,-0.00380653288448229,-0.0240251166978851,
,,,0.44583332884,-0.00380653288448229,-0.022768835304305,
,,,0.4468749955,-0.00380653288448229,-0.0240251166978851,
,,,0.44791666216,-0.00380653288448229,-0.022768835304305,
,,,0.44895832882,-0.00380653288448229,-0.022768835304305,
,,,0.44999999548,-0.00380653288448229,-0.022768835304305,
,,,0.45104166214,-0.00380653288448229,-0.022768835304305,
,,,0.4520833288,-0.00380653288448229,-0.022768835304305,
,,,0.45312499546,-0.00380653288448229,-0.0215125539107248,
,,,0.45416666212,-0.00380653288448229,-0.022768835304305,
,,,0.45520832878,-0.00380653288448229,-0.0215125539107248,
,,,0.45624999544,-0.00380653288448229,-0.022768835304305,
,,,0.4572916621,-0.00380653288448229,-0.0202562725171447,
,,,0.45833332876,-0.00380653288448229,-0.022768835304305,
,,,0.45937499542,-0.00380653288448229,-0.0215125539107248,
,,,0.46041666208,-0.00380653288448229,-0.0215125539107248,
,,,0.46145832874,-0.00380653288448229,-0.0202562725171447,
,,,0.4624999954,-0.00380653288448229,-0.0202562725171447,
,,,0.46354166206,-0.00380653288448229,-0.0202562725171447,
,,,0.46458332872,-0.00380653288448229,-0.0202562725171447,
,,,0.46562499538,-0.00380653288448229,-0.0189999911235645,
,,,0.46666666204,-0.00380653288448229,-0.0189999911235645,
,,,0.4677083287,-0.00380653288448229,-0.0189999911235645,
,,,0.46874999536,-0.00368090474512428,-0.0177437097299844,
,,,0.46979166202,-0.00380653288448229,-0.0164874283364043,
,,,0.47083332868,-0.00380653288448229,-0.0164874283364043,
,,,0.47187499534,-0.00380653288448229,-0.0152311469428241,
,,,0.472916662,-0.00380653288448229,-0.0152311469428241,
,,,0.47395832866,-0.00380653288448229,-0.0127185841556638,
,,,0.47499999532,-0.00380653288448229,-0.0114623027620837,
,,,0.47604166198,-0.00380653288448229,-0.0102060213685036,
,,,0.47708332864,-0.00380653288448229,-0.00894973997492343,
,,,0.4781249953,-0.00380653288448229,-0.00643717718776315,
,,,0.47916666196,-0.00368090474512428,-0.00392461440060288,
,,,0.48020832862,-0.00380653288448229,-0.0014120516134426,
,,,0.48124999528,-0.00368090474512428,0.00235679256729782,
,,,0.48229166194,-0.00368090474512428,0.00738191814161837,
,,,0.4833333286,-0.00380653288448229,0.0111507623223588,
,,,0.48437499526,-0.00380653288448229,0.0186884506838396,
,,,0.48541666192,-0.00380653288448229,0.0262261390453205,
,,,0.48645832858,-0.00380653288448229,0.0362763901939616,
,,,0.48749999524,-0.00380653288448229,0.0475829227361828,
,,,0.4885416619,-0.00380653288448229,0.0614020180655643,
,,,0.48958332856,-0.00380653288448229,0.0802462389692664,
,,,0.49062499522,-0.00380653288448229,0.102859304053709,
,,,0.49166666188,-0.00380653288448229,0.131753776106052,
,,,0.49270832854,-0.00380653288448229,0.170698499307036,
,,,0.4937499952,-0.00393216102384031,0.222206036443822,
,,,0.49479166186,-0.00393216102384031,0.288788950303569,
,,,0.49583332852,-0.00393216102384031,0.377984929247759,
,,,0.49687499518,-0.00380653288448229,0.498587943031453,
,,,0.49791666184,-0.00380653288448229,0.65311055444181,
,,,0.4989583285,-0.00380653288448229,0.862909547169693,
,,,0.49999999516,-0.00380653288448229,1.11667838867288,
,,,0.50104166182,-0.00368090474512428,1.39934170222841,
,,,0.50208332848,-0.00380653288448229,1.6217035088921,
,,,0.50312499514,-0.00380653288448229,1.65562310651876,
,,,0.5041666618,-0.00380653288448229,1.41692964173853,
,,,0.50520832846,-0.00380653288448229,0.942055274965242,
,,,0.50624999512,-0.00380653288448229,0.342809050227515,
,,,0.50729166178,-0.00380653288448229,-0.270256269839592,
,,,0.50833332844,-0.00380653288448229,-0.878296464332379,
,,,0.5093749951,-0.00380653288448229,-1.39965324266814,
,,,0.51041666176,-0.00393216102384031,-1.71372359106317,
,,,0.51145832842,-0.00380653288448229,-1.74387434450909,
,,,0.51249999508,-0.00380653288448229,-1.54789444711059,
,,,0.51354166174,-0.00380653288448229,-1.25266831961926,
,,,0.5145833284,-0.00380653288448229,-0.97377385024447,
,,,0.51562499506,-0.00380653288448229,-0.746386918006465,
,,,0.51666666172,-0.00380653288448229,-0.575532648479566,
,,,0.51770832838,-0.00380653288448229,-0.443623102153651,
,,,0.51874999504,-0.00380653288448229,-0.346889434847981,
,,,0.5197916617,-0.00380653288448229,-0.271512551233172,
,,,0.52083332836,-0.00380653288448229,-0.217492451309226,
,,,0.52187499502,-0.00380653288448229,-0.179804009501822,
,,,0.52291666168,-0.00380653288448229,-0.148396974662319,
,,,0.52395832834,-0.00380653288448229,-0.124527628184296,
,,,0.524999995,-0.00380653288448229,-0.106939688674174,
,,,0.52604166166,-0.00380653288448229,-0.0906080305576324,
,,,0.52708332832,-0.00380653288448229,-0.0805577794089913,
,,,0.52812499498,-0.00380653288448229,-0.0717638096539304,
,,,0.52916666164,-0.00380653288448229,-0.0642261212924495,
,,,0.5302083283,-0.00380653288448229,-0.0579447143245488,
,,,0.53124999496,-0.00380653288448229,-0.0529195887502283,
,,,0.53229166162,-0.00380653288448229,-0.0491507445694879,
,,,0.53333332828,-0.00380653288448229,-0.0453819003887475,
,,,0.53437499494,-0.00380653288448229,-0.0428693376015872,
,,,0.5354166616,-0.00368090474512428,-0.0391004934208468,
,,,0.53645832826,-0.00380653288448229,-0.0378442120272666,
,,,0.53749999492,-0.00380653288448229,-0.0365879306336865,
,,,0.53854166158,-0.00380653288448229,-0.0340753678465262,
,,,0.53958332824,-0.00368090474512428,-0.0328190864529461,
,,,0.5406249949,-0.00380653288448229,-0.0315628050593659,
,,,0.54166666156,-0.00380653288448229,-0.0315628050593659,
,,,0.54270832822,-0.00380653288448229,-0.0303065236657858,
,,,0.54374999488,-0.00380653288448229,-0.0303065236657858,
,,,0.54479166154,-0.00368090474512428,-0.0290502422722057,
,,,0.5458333282,-0.00380653288448229,-0.0277939608786255,
,,,0.54687499486,-0.00380653288448229,-0.0277939608786255,
,,,0.54791666152,-0.00380653288448229,-0.0277939608786255,
,,,0.54895832818,-0.00380653288448229,-0.0277939608786255,
,,,0.54999999484,-0.00380653288448229,-0.0277939608786255,
,,,0.5510416615,-0.00380653288448229,-0.0265376794850454,
,,,0.55208332816,-0.00380653288448229,-0.0277939608786255,
,,,0.55312499482,-0.00380653288448229,-0.0265376794850454,
,,,0.55416666148,-0.00380653288448229,-0.0265376794850454,
,,,0.55520832814,-0.00380653288448229,-0.0252813980914652,
,,,0.5562499948,-0.00380653288448229,-0.0265376794850454,
,,,0.55729166146,-0.00380653288448229,-0.0265376794850454,
,,,0.55833332812,-0.00380653288448229,-0.0265376794850454,
,,,0.55937499478,-0.00380653288448229,-0.0265376794850454,
,,,0.56041666144,-0.00380653288448229,-0.0252813980914652,
,,,0.5614583281,-0.00380653288448229,-0.0252813980914652,
,,,0.56249999476,-0.00380653288448229,-0.0265376794850454,
,,,0.56354166142,-0.00380653288448229,-0.0252813980914652,
,,,0.56458332808,-0.00380653288448229,-0.0265376794850454,
,,,0.56562499474,-0.00380653288448229,-0.0252813980914652,
,,,0.5666666614,-0.00380653288448229,-0.0252813980914652,
,,,0.56770832806,-0.00380653288448229,-0.0252813980914652,
,,,0.56874999472,-0.00380653288448229,-0.0240251166978851,
,,,0.56979166138,-0.00380653288448229,-0.0240251166978851,
,,,0.57083332804,-0.00380653288448229,-0.0252813980914652,
,,,0.5718749947,-0.00380653288448229,-0.0252813980914652,
,,,0.57291666136,-0.00380653288448229,-0.0252813980914652,
,,,0.57395832802,-0.00380653288448229,-0.0240251166978851,
,,,0.57499999468,-0.00380653288448229,-0.0252813980914652,
,,,0.57604166134,-0.00380653288448229,-0.0240251166978851,
,,,0.577083328,-0.00380653288448229,-0.0252813980914652,
,,,0.57812499466,-0.00380653288448229,-0.0252813980914652,
,,,0.57916666132,-0.00368090474512428,-0.0252813980914652,
,,,0.58020832798,-0.00380653288448229,-0.0240251166978851,
,,,0.58124999464,-0.00380653288448229,-0.0252813980914652,
,,,0.5822916613,-0.00380653288448229,-0.0240251166978851,
,,,0.58333332796,-0.00380653288448229,-0.0240251166978851,
,,,0.58437499462,-0.00380653288448229,-0.0240251166978851,
,,,0.58541666128,-0.00380653288448229,-0.0240251166978851,
,,,0.58645832794,-0.00380653288448229,-0.0240251166978851,
,,,0.5874999946,-0.00380653288448229,-0.0240251166978851,
,,,0.58854166126,-0.00368090474512428,-0.0240251166978851,
,,,0.58958332792,-0.00380653288448229,-0.0240251166978851,
,,,0.59062499458,-0.00380653288448229,-0.0240251166978851,
,,,0.59166666124,-0.00368090474512428,-0.0240251166978851,
,,,0.5927083279,-0.00380653288448229,-0.0240251166978851,
,,,0.59374999456,-0.00380653288448229,-0.0240251166978851,
,,,0.59479166122,-0.00380653288448229,-0.0240251166978851,
,,,0.59583332788,-0.00380653288448229,-0.0240251166978851,
,,,0.59687499454,-0.00380653288448229,-0.0240251166978851,
,,,0.5979166612,-0.00380653288448229,-0.0240251166978851,
,,,0.59895832786,-0.00380653288448229,-0.0252813980914652,
,,,0.59999999452,-0.00380653288448229,-0.0252813980914652,
,,,0.60104166118,-0.00380653288448229,-0.0252813980914652,
,,,0.60208332784,-0.00380653288448229,-0.0252813980914652,
,,,0.6031249945,-0.00380653288448229,-0.0252813980914652,
,,,0.60416666116,-0.00380653288448229,-0.0240251166978851,
,,,0.60520832782,-0.00380653288448229,-0.0252813980914652,
,,,0.60624999448,-0.00380653288448229,-0.0252813980914652,
,,,0.60729166114,-0.00380653288448229,-0.0240251166978851,
,,,0.6083333278,-0.00380653288448229,-0.0252813980914652,
,,,0.60937499446,-0.00380653288448229,-0.0252813980914652,
,,,0.61041666112,-0.00380653288448229,-0.0252813980914652,
,,,0.61145832778,-0.00380653288448229,-0.0252813980914652,
,,,0.61249999444,-0.00380653288448229,-0.0252813980914652,
,,,0.6135416611,-0.00380653288448229,-0.0252813980914652,
,,,0.61458332776,-0.00380653288448229,-0.0252813980914652,
,,,0.61562499442,-0.00380653288448229,-0.0240251166978851,
,,,0.61666666108,-0.00380653288448229,-0.0240251166978851,
,,,0.61770832774,-0.00380653288448229,-0.0240251166978851,
,,,0.6187499944,-0.00368090474512428,-0.0252813980914652,
,,,0.61979166106,-0.00380653288448229,-0.0252813980914652,
,,,0.62083332772,-0.00380653288448229,-0.0252813980914652,
,,,0.62187499438,-0.00368090474512428,-0.0240251166978851,
,,,0.62291666104,-0.00380653288448229,-0.0240251166978851,
,,,0.6239583277,-0.00380653288448229,-0.0240251166978851,
,,,0.62499999436,-0.00380653288448229,-0.0240251166978851,
,,,0.62604166102,-0.00380653288448229,-0.0252813980914652,
,,,0.62708332768,-0.00380653288448229,-0.0240251166978851,
,,,0.62812499434,-0.00380653288448229,-0.0240251166978851,
,,,0.629166661,-0.00380653288448229,-0.0240251166978851,
,,,0.63020832766,-0.00380653288448229,-0.0240251166978851,
,,,0.63124999432,-0.00380653288448229,-0.0240251166978851,
,,,0.63229166098,-0.00380653288448229,-0.0240251166978851,
,,,0.63333332764,-0.00380653288448229,-0.0240251166978851,
,,,0.6343749943,-0.00380653288448229,-0.0240251166978851,
,,,0.63541666096,-0.00380653288448229,-0.0240251166978851,
,,,0.63645832762,-0.00380653288448229,-0.0240251166978851,
,,,0.63749999428,-0.00380653288448229,-0.0240251166978851,
,,,0.63854166094,-0.00380653288448229,-0.0240251166978851,
,,,0.6395833276,-0.00380653288448229,-0.0252813980914652,
,,,0.64062499426,-0.00380653288448229,-0.0240251166978851,
,,,0.64166666092,-0.00380653288448229,-0.0240251166978851,
,,,0.64270832758,-0.00380653288448229,-0.0252813980914652,
,,,0.64374999424,-0.00380653288448229,-0.0252813980914652,
,,,0.6447916609,-0.00380653288448229,-0.0252813980914652,
,,,0.64583332756,-0.00380653288448229,-0.0265376794850454,
,,,0.64687499422,-0.00380653288448229,-0.0240251166978851,
,,,0.64791666088,-0.00380653288448229,-0.0252813980914652,
,,,0.64895832754,-0.00380653288448229,-0.0240251166978851,
,,,0.6499999942,-0.00380653288448229,-0.022768835304305,
,,,0.65104166086,-0.00380653288448229,-0.0252813980914652,
,,,0.65208332752,-0.00380653288448229,-0.0240251166978851,
,,,0.65312499418,-0.00380653288448229,-0.0252813980914652,
,,,0.65416666084,-0.00380653288448229,-0.0240251166978851,
,,,0.6552083275,-0.00380653288448229,-0.0240251166978851,
,,,0.65624999416,-0.00380653288448229,-0.0240251166978851,
,,,0.65729166082,-0.00380653288448229,-0.0240251166978851,
,,,0.65833332748,-0.00380653288448229,-0.0240251166978851,
,,,0.65937499414,-0.00380653288448229,-0.0252813980914652,
,,,0.6604166608,-0.00380653288448229,-0.0240251166978851,
,,,0.66145832746,-0.00380653288448229,-0.0240251166978851,
,,,0.66249999412,-0.00380653288448229,-0.0240251166978851,
,,,0.66354166078,-0.00380653288448229,-0.0240251166978851,
,,,0.66458332744,-0.00368090474512428,-0.0252813980914652,
,,,0.6656249941,-0.00380653288448229,-0.0252813980914652,
,,,0.66666666076,-0.00380653288448229,-0.022768835304305,
,,,0.66770832742,-0.00380653288448229,-0.0240251166978851,
,,,0.66874999408,-0.00380653288448229,-0.022768835304305,
,,,0.66979166074,-0.00380653288448229,-0.0240251166978851,
,,,0.6708333274,-0.00380653288448229,-0.0252813980914652,
,,,0.67187499406,-0.00380653288448229,-0.0252813980914652,
,,,0.67291666072,-0.00380653288448229,-0.0240251166978851,
,,,0.67395832738,-0.00380653288448229,-0.0240251166978851,
,,,0.67499999404,-0.00380653288448229,-0.0240251166978851,
,,,0.6760416607,-0.00380653288448229,-0.0240251166978851,
,,,0.67708332736,-0.00380653288448229,-0.0240251166978851,
,,,0.67812499402,-0.00380653288448229,-0.0240251166978851,
,,,0.67916666068,-0.00380653288448229,-0.0240251166978851,
,,,0.68020832734,-0.00380653288448229,-0.0240251166978851,
,,,0.681249994,-0.00380653288448229,-0.0240251166978851,
,,,0.68229166066,-0.00380653288448229,-0.0240251166978851,
,,,0.68333332732,-0.00380653288448229,-0.022768835304305,
,,,0.68437499398,-0.00380653288448229,-0.0252813980914652,
,,,0.68541666064,-0.00380653288448229,-0.0240251166978851,
,,,0.6864583273,-0.00380653288448229,-0.022768835304305,
,,,0.68749999396,-0.00380653288448229,-0.0240251166978851,
,,,0.68854166062,-0.00380653288448229,-0.0240251166978851,
,,,0.68958332728,-0.00380653288448229,-0.0240251166978851,
,,,0.69062499394,-0.00380653288448229,-0.0240251166978851,
,,,0.6916666606,-0.00380653288448229,-0.022768835304305,
,,,0.69270832726,-0.00380653288448229,-0.0240251166978851,
,,,0.69374999392,-0.00380653288448229,-0.0240251166978851,
,,,0.69479166058,-0.00380653288448229,-0.0240251166978851,
,,,0.69583332724,-0.00380653288448229,-0.0240251166978851,
,,,0.6968749939,-0.00368090474512428,-0.0240251166978851,
,,,0.69791666056,-0.00380653288448229,-0.0240251166978851,
,,,0.69895832722,-0.00380653288448229,-0.0240251166978851,
,,,0.69999999388,-0.00380653288448229,-0.0240251166978851,
,,,0.70104166054,-0.00380653288448229,-0.0252813980914652,
,,,0.7020833272,-0.00380653288448229,-0.0240251166978851,
,,,0.70312499386,-0.00380653288448229,-0.0240251166978851,
,,,0.70416666052,-0.00380653288448229,-0.0240251166978851,
,,,0.70520832718,-0.00380653288448229,-0.0252813980914652,
,,,0.70624999384,-0.00380653288448229,-0.0240251166978851,
,,,0.7072916605,-0.00380653288448229,-0.0252813980914652,
,,,0.70833332716,-0.00380653288448229,-0.0240251166978851,
,,,0.70937499382,-0.00380653288448229,-0.0240251166978851,
,,,0.71041666048,-0.00380653288448229,-0.0240251166978851,
,,,0.71145832714,-0.00380653288448229,-0.0240251166978851,
,,,0.7124999938,-0.00380653288448229,-0.0240251166978851,
,,,0.71354166046,-0.00380653288448229,-0.0265376794850454,
,,,0.71458332712,-0.00380653288448229,-0.0252813980914652,
,,,0.71562499378,-0.00380653288448229,-0.0240251166978851,
,,,0.71666666044,-0.00380653288448229,-0.0240251166978851,
,,,0.7177083271,-0.00380653288448229,-0.0240251166978851,
,,,0.71874999376,-0.00380653288448229,-0.0240251166978851,
,,,0.71979166042,-0.00368090474512428,-0.0252813980914652,
,,,0.72083332708,-0.00368090474512428,-0.022768835304305,
,,,0.72187499374,-0.00380653288448229,-0.0240251166978851,
,,,0.7229166604,-0.00380653288448229,-0.0252813980914652,
,,,0.72395832706,-0.00380653288448229,-0.0240251166978851,
,,,0.72499999372,-0.00380653288448229,-0.022768835304305,
,,,0.72604166038,-0.00380653288448229,-0.0240251166978851,
,,,0.72708332704,-0.00380653288448229,-0.0240251166978851,
,,,0.7281249937,-0.00380653288448229,-0.0240251166978851,
,,,0.72916666036,-0.00380653288448229,-0.0252813980914652,
,,,0.73020832702,-0.00380653288448229,-0.0240251166978851,
,,,0.73124999368,-0.00380653288448229,-0.0252813980914652,
,,,0.73229166034,-0.00380653288448229,-0.0252813980914652,
,,,0.733333327,-0.00380653288448229,-0.0240251166978851,
,,,0.73437499366,-0.00380653288448229,-0.0252813980914652,
,,,0.73541666032,-0.00380653288448229,-0.0240251166978851,
,,,0.73645832698,-0.00380653288448229,-0.0240251166978851,
,,,0.73749999364,-0.00380653288448229,-0.0252813980914652,
,,,0.7385416603,-0.00380653288448229,-0.0252813980914652,
,,,0.73958332696,-0.00380653288448229,-0.0252813980914652,
,,,0.74062499362,-0.00380653288448229,-0.0240251166978851,
,,,0.74166666028,-0.00380653288448229,-0.0240251166978851,
,,,0.74270832694,-0.00380653288448229,-0.0252813980914652,
